Year,Fmin,Fmean,Fmax,TIME,HOUR,Manual.ID,Main.Habitat
2023,38402.031,39067.719,40086.441,33:25.5,18,38khz,Peat Swamp
2023,38846.02,40458.719,46313.746,27:40.1,18,38khz,Peat Swamp
2023,38654.039,39736.027,42603.258,18:31:59,18,38khz,Peat Swamp
2023,34144.305,35101.711,37318.621,33:32.1,18,38khz,Peat Swamp
2023,34144.305,35101.711,37318.621,33:32.1,18,Goulds,Peat Swamp
2023,39698.879,40574.574,43022.492,34:27.2,18,38khz,Peat Swamp
2023,38716.445,39157.836,40274.859,34:30.3,18,38khz,Peat Swamp
2023,38109.062,38386.188,38748.922,18:32:54,18,38khz,Peat Swamp
2023,38419.746,39588.582,43270.996,18:32:21,18,38khz,Peat Swamp
2023,38322.645,38772.641,39577.23,32:28.8,18,38khz,Peat Swamp
2023,37622.051,38403.672,40059.121,18:33:53,18,38khz,Peat Swamp
2023,38423.633,40127.48,46220.621,33:55.6,18,38khz,Peat Swamp
2023,38147.879,38685.828,39683.371,33:58.7,18,38khz,Peat Swamp
2023,38246.535,38756.895,39645.738,34:01.6,18,38khz,Peat Swamp
2023,37485.062,38690.402,42695.043,18:34:14,18,38khz,Peat Swamp
2023,37697.34,38782.883,41130.906,34:20.0,18,38khz,Peat Swamp
2023,39217.57,40080.148,42159.699,34:23.3,18,38khz,Peat Swamp
2023,37744.25,38510.5,41054.633,34:24.0,18,38khz,Peat Swamp
2023,37145.926,38009.754,39911.855,34:24.8,18,38khz,Peat Swamp
2023,38424.227,39511.109,42529.434,18:34:35,18,38khz,Peat Swamp
2023,38947.781,39582.715,40718.801,34:37.2,18,38khz,Peat Swamp
2023,38523.785,39978.938,44100.348,18:34:57,18,38khz,Peat Swamp
2023,36410.531,37342.102,39298.625,34:58.6,18,38khz,Peat Swamp
2023,31872.213,33355.84,38321.648,18:34:45,18,38khz,Peat Swamp
2023,31872.213,33355.84,38321.648,18:34:45,18,Goulds,Peat Swamp
2023,37602.648,38521.066,41025.039,34:53.1,18,38khz,Peat Swamp
2023,37602.648,38521.066,41025.039,34:53.1,18,Goulds,Peat Swamp
2023,36878.516,37472.664,38312.586,18:36:13,18,38khz,Peat Swamp
2023,37643.039,38655.422,41584.199,18:35:03,18,38khz,Peat Swamp
2023,36281.734,36575.438,37567.867,36:15.4,18,38khz,Peat Swamp
2023,36343.145,37827.285,42294.586,35:06.3,18,38khz,Peat Swamp
2023,36343.145,37827.285,42294.586,35:06.3,18,Goulds,Peat Swamp
2023,38893.27,40312.551,45016.855,35:31.1,18,38khz,Peat Swamp
2023,38970.898,39760.938,41729.672,35:35.9,18,38khz,Peat Swamp
2023,38783.52,40494.105,43816.406,18:36:25,18,38khz,Peat Swamp
2023,38010.617,39346.391,44403.75,18:35:20,18,38khz,Peat Swamp
2023,37454.172,37972.512,38987.773,18:35:59,18,38khz,Peat Swamp
2023,39143.324,39924.797,41722.637,36:03.7,18,38khz,Peat Swamp
2023,36349.156,37203.875,38837.215,36:05.9,18,38khz,Peat Swamp
2023,37024.242,37979.664,39942.332,18:37:11,18,38khz,Peat Swamp
2023,37644.836,38276.305,39758.914,37:18.8,18,38khz,Peat Swamp
2023,38104.527,38507.547,39081.285,36:37.8,18,38khz,Peat Swamp
2023,37130.742,38687.879,45740.102,18:38:18,18,38khz,Peat Swamp
2023,37969.441,39929.105,46415.148,38:24.8,18,38khz,Peat Swamp
2023,37165.531,38358.906,41978.195,38:27.1,18,38khz,Peat Swamp
2023,37813.961,38460.633,39702.359,18:39:15,18,38khz,Peat Swamp
2023,36786.871,37231.281,38563.992,39:18.5,18,38khz,Peat Swamp
2023,36963.078,37858.844,38853.27,39:19.0,18,38khz,Peat Swamp
2023,34456.297,36859.23,42984.609,18:39:00,18,38khz,Peat Swamp
2023,38965.516,39411.195,40313.512,39:04.2,18,38khz,Peat Swamp
2023,38869.105,39302.145,40315.406,40:48.8,18,38khz,Peat Swamp
2023,37827.375,38163.656,38745.207,40:50.6,18,38khz,Peat Swamp
2023,38087.051,39172.59,42680.625,39:49.1,18,38khz,Peat Swamp
2023,37189.645,38133.824,40214.668,39:55.8,18,38khz,Peat Swamp
2023,37123.57,37639.82,38659.074,39:57.6,18,38khz,Peat Swamp
2023,38942.113,39642.848,42586.66,18:41:23,18,38khz,Peat Swamp
2023,38007.672,38406.094,39408.891,41:26.0,18,38khz,Peat Swamp
2023,37292.855,38425.004,42309.371,18:38:38,18,38khz,Peat Swamp
2023,36778.734,39466.496,47344.441,38:44.2,18,38khz,Peat Swamp
2023,37335.691,39687.547,45465.805,38:52.0,18,38khz,Peat Swamp
2023,36511.098,38288.82,41509.273,41:47.1,18,38khz,Peat Swamp
2023,36720.215,41229.945,54655.16,41:48.8,18,38khz,Peat Swamp
2023,39487.922,39997.375,41085.777,19:03:49,19,38khz,Peat Swamp
2023,39906.023,41684.133,47215.035,03:51.3,19,38khz,Peat Swamp
2023,40181.391,42220.758,51262.316,03:52.6,19,38khz,Peat Swamp
2023,39138.363,39813.797,41808.023,03:54.6,19,38khz,Peat Swamp
2023,37466.316,38686.105,40745.129,24:05.0,19,38khz,Peat Swamp
2023,37399.402,38474.656,40053.535,24:14.5,19,38khz,Peat Swamp
2023,38005.391,38728.125,40721.758,24:17.9,19,38khz,Peat Swamp
2023,37960.418,39006.789,41161.68,19:23:44,19,38khz,Peat Swamp
2023,37041.758,38516.586,41344.5,23:46.3,19,38khz,Peat Swamp
2023,37739.207,38585.832,40515.359,23:47.8,19,38khz,Peat Swamp
2023,37211.164,38218.453,40549.762,23:50.4,19,38khz,Peat Swamp
2023,38653.27,39956.645,44710.008,19:22:18,19,38khz,Peat Swamp
2023,37966.152,38903.406,41532.906,22:22.1,19,38khz,Peat Swamp
2023,39746.258,40554.043,42500.578,25:47.2,19,38khz,Peat Swamp
2023,39027.203,39771.141,42121.383,25:48.6,19,38khz,Peat Swamp
2023,38593.16,39074.152,40589.355,25:49.8,19,38khz,Peat Swamp
2023,38780.027,39815.66,43547.551,27:38.1,19,38khz,Peat Swamp
2023,38388.992,38844.074,40166.492,27:43.1,19,38khz,Peat Swamp
2023,38280.141,39263.598,41892.32,27:44.8,19,38khz,Peat Swamp
2023,38804.355,39702.285,42801.844,19:27:20,19,38khz,Peat Swamp
2023,38386.148,39785.738,44835.074,27:22.2,19,38khz,Peat Swamp
2023,38704.812,39815.922,42806.617,27:25.4,19,38khz,Peat Swamp
2023,58138.879,60069.703,64971.465,20:22:11,20,Little Bentwing,Peat Swamp
2023,38107.094,38842.527,40016.086,20:52:08,20,38khz,Peat Swamp
2023,37272.031,38138.887,38961.863,52:09.8,20,38khz,Peat Swamp
2023,37476.289,37911,39034.531,52:11.1,20,38khz,Peat Swamp
2023,56129.242,58220.832,63272.914,13:30.3,21,Little Bentwing,Peat Swamp
2023,39364.145,40697.98,43059.43,21:42:26,21,38khz,Peat Swamp
2023,37989.316,38475.664,39303.012,20:53:17,20,38khz,Peat Swamp
2023,37388.031,38401.812,41606.148,53:22.9,20,38khz,Peat Swamp
2023,37916.695,38470.109,40823.414,53:24.1,20,38khz,Peat Swamp
2023,37517.898,38249.586,39763.426,53:25.8,20,38khz,Peat Swamp
2023,37983.832,39527.191,42154.934,21:47:26,21,38khz,Peat Swamp
2023,38907.156,40253.57,43716.93,47:27.9,21,38khz,Peat Swamp
2023,19366.688,20042.66,20905.879,12:40.7,21,Yellow bellied sheath tail,Peat Swamp
2023,39037.793,40840.93,46685.414,41:49.1,21,38khz,Peat Swamp
2023,39925.453,41661.445,46932.609,41:58.3,21,38khz,Peat Swamp
2023,56838.297,58863.488,66314.375,22:34:08,22,Little Bentwing,Peat Swamp
2023,30594.871,31798.25,34335.398,11:21.3,23,Ozimops ridei,Peat Swamp
2023,30024.16,30703.02,31749.008,11:22.2,23,Ozimops ridei,Peat Swamp
2023,29190.25,30239.869,31376.557,11:23.2,23,Ozimops ridei,Peat Swamp
2023,28788.936,29646.975,30577.91,11:24.9,23,Ozimops ridei,Peat Swamp
2023,29330.438,30085.119,31473.559,11:29.0,23,Ozimops ridei,Peat Swamp
2023,29473.125,32406.625,42558.086,17:19.2,23,Goulds,Peat Swamp
2023,29388.525,30598.965,32976.945,12:15.8,23,Ozimops ridei,Peat Swamp
2023,29093.881,31084.566,35842.562,17:20.9,23,Ozimops ridei,Peat Swamp
2023,29820.969,30415.844,31041.691,12:21.4,23,Ozimops ridei,Peat Swamp
2023,28768.4,29044.826,29401.547,12:22.9,23,Ozimops ridei,Peat Swamp
2023,29264.027,32289.02,42208.113,23:17:42,23,Ozimops ridei,Peat Swamp
2023,30049.906,31171.979,33475.148,17:43.9,23,Ozimops ridei,Peat Swamp
2023,29720.773,31178.1,34696.965,17:03.6,23,Ozimops ridei,Peat Swamp
2023,29844.426,33305.719,46485.746,17:06.7,23,Ozimops ridei,Peat Swamp
2023,30964.32,33962.703,43495.988,17:15.3,23,Ozimops ridei,Peat Swamp
2023,30490.543,32065.117,36774.57,18:35.7,23,Ozimops ridei,Peat Swamp
2023,30574.422,34834.531,50657.645,23:17:25,23,Ozimops ridei,Peat Swamp
2023,29966.656,32350.678,40270.215,17:27.5,23,Ozimops ridei,Peat Swamp
2023,31659.477,35660.719,47600.941,17:28.7,23,Ozimops ridei,Peat Swamp
2023,30317.32,33527.109,44248.48,17:31.1,23,Ozimops ridei,Peat Swamp
2023,29593.789,32864.105,46615.508,17:35.5,23,Ozimops ridei,Peat Swamp
2023,29243.666,31516.785,38660.367,23:19:14,23,Ozimops ridei,Peat Swamp
2023,28728.57,29598.121,31014.34,19:24.9,23,Ozimops ridei,Peat Swamp
2023,30012.49,34523.32,54038.965,19:54.1,23,Ozimops ridei,Peat Swamp
2023,29744.531,32455.605,42988.711,19:58.7,23,Ozimops ridei,Peat Swamp
2023,29680.98,33494.32,49155.484,20:00.0,23,Ozimops ridei,Peat Swamp
2023,30101.85,32267.727,38290.145,20:03.6,23,Ozimops ridei,Peat Swamp
2023,29983.842,33033.898,44725.582,19:28.5,23,,Peat Swamp
2023,32284.312,33830.77,36378.672,22:10.7,23,Ozimops ridei,Peat Swamp
2023,29710.373,32641.84,43588.871,23:21:33,23,,Peat Swamp
2023,30414.602,32575.576,39213.219,23:23:21,23,Ozimops ridei,Peat Swamp
2023,30326.203,32349.297,36766.898,20:56.1,23,Ozimops ridei,Peat Swamp
2023,30140.557,33836.625,48205.375,20:58.3,23,Goulds,Peat Swamp
2023,29195.592,32671.648,45530.949,21:04.1,23,Goulds,Peat Swamp
2023,28123.92,30049.428,34891.914,21:08.0,23,,Peat Swamp
2023,30333.248,34092.035,48000.617,22:13.2,23,Goulds,Peat Swamp
2023,29068.963,32306.201,44741.441,22:18.4,23,Goulds,Peat Swamp
2023,29717.605,32786.004,43800.527,22:29.1,23,Goulds,Peat Swamp
2023,29837.752,32011.127,39219.309,22:37.6,23,,Peat Swamp
2023,30949.279,32434.898,36358.598,22:42.3,23,Goulds,Peat Swamp
2023,29668.492,31216.262,34092.859,23:23:26,23,Goulds,Peat Swamp
2023,29965.396,31686.346,36060.832,23:28.2,23,Goulds,Peat Swamp
2023,29221.947,31399.758,36958.18,23:35.9,23,Goulds,Peat Swamp
2023,28769.83,29980.279,32349.365,23:37.3,23,Goulds,Peat Swamp
2023,30419.65,34974.504,51956.137,26:42.3,23,Goulds,Peat Swamp
2023,29564.85,31312.715,35165.895,23:27:03,23,Goulds,Peat Swamp
2023,29640.6,32314.977,41728.516,25:19.2,23,Goulds,Peat Swamp
2023,29875.033,31528.074,35496.949,24:41.3,23,Goulds,Peat Swamp
2023,29269.881,30333.82,32194.365,24:46.0,23,Goulds,Peat Swamp
2023,29635.795,33997.848,47561.363,24:47.7,23,Goulds,Peat Swamp
2023,29097.553,30520.258,32865.727,26:04.3,23,Goulds,Peat Swamp
2023,29997.344,33680.602,46673.574,26:05.6,23,Goulds,Peat Swamp
2023,29547.922,31639.191,37318.164,26:10.9,23,Goulds,Peat Swamp
2023,30140.172,35870.188,57458.488,26:11.9,23,Goulds,Peat Swamp
2023,29000.23,31622.602,44570.383,26:16.3,23,Goulds,Peat Swamp
2023,30343.191,32964.125,41019.684,26:51.3,23,Goulds,Peat Swamp
2023,29889.273,31418.846,39124.801,26:54.9,23,Goulds,Peat Swamp
2023,29534.48,32386.434,43355.633,26:55.8,23,Goulds,Peat Swamp
2023,30969.559,34730,46132.898,25:41.7,23,Goulds,Peat Swamp
2023,29774.42,33638.18,49746.082,25:48.2,23,Goulds,Peat Swamp
2023,29635.666,31904.238,38467.469,25:55.4,23,Goulds,Peat Swamp
2023,29918.158,32457.371,40722.371,27:38.3,23,Goulds,Peat Swamp
2023,29827.367,33535.156,47772.684,23:27:56,23,Goulds,Peat Swamp
2023,30669.152,34232.652,46145.297,23:28:18,23,Goulds,Peat Swamp
2023,29263.922,30615.645,33150.32,23:28:47,23,Goulds,Peat Swamp
2023,30285.48,31785.371,35459.113,28:42.4,23,Goulds,Peat Swamp
2023,29925.562,33268.871,45248.965,28:58.2,23,Goulds,Peat Swamp
2023,29563.271,31917.332,39221.016,29:03.7,23,Goulds,Peat Swamp
2023,29746.758,32422.873,41218.418,23:29:14,23,Goulds,Peat Swamp
2023,29405.672,30434.896,32125.221,23:30:28,23,Goulds,Peat Swamp
2023,28872.266,30765.053,36830.324,29:22.3,23,Goulds,Peat Swamp
2023,30366.252,34909.02,52209.754,30:35.1,23,Goulds,Peat Swamp
2023,30312.096,35102.641,53886.207,30:39.0,23,Goulds,Peat Swamp
2023,29210.764,31304.289,37243.68,30:41.9,23,Goulds,Peat Swamp
2023,30291.953,33103.031,41755.734,23:30:53,23,Goulds,Peat Swamp
2023,29509.393,31509.25,37622.082,30:58.3,23,Goulds,Peat Swamp
2023,28035.797,29595.48,32586.023,31:02.7,23,Goulds,Peat Swamp
2023,31922.922,34010.773,40197.422,31:11.8,23,Goulds,Peat Swamp
2023,29741.254,32629.164,43781.758,31:12.8,23,Goulds,Peat Swamp
2023,36059.512,38945.762,44557.328,31:55.6,23,Goulds,Peat Swamp
2023,37329.156,42972.453,58154.16,31:57.0,23,Goulds,Peat Swamp
2023,30789.25,32485.252,36907.363,32:42.5,23,Goulds,Peat Swamp
2023,30004.58,33391.668,44909.734,23:32:14,23,Goulds,Peat Swamp
2023,28610.502,30592.668,36344.559,32:21.2,23,Goulds,Peat Swamp
2023,30516.158,31774.926,34989.555,36:43.1,23,Goulds,Peat Swamp
2023,36247.551,40371.191,51246.598,36:30.2,23,38khz,Peat Swamp
2023,30689.645,32394.367,36342.156,40:32.9,23,Goulds,Peat Swamp
2023,35945.078,36896.16,38837.66,41:36.2,23,38khz,Peat Swamp
2023,35945.078,36896.16,38837.66,41:36.2,23,Goulds,Peat Swamp
2023,29879.039,30671.977,31579.855,41:40.5,23,Ozimops ridei,Peat Swamp
2023,31053.059,32329.256,36063.078,41:41.4,23,Ozimops ridei,Peat Swamp
2023,29434.705,30322.312,31420.506,23:41:20,23,Ozimops ridei,Peat Swamp
2023,29577.592,31927.959,39363.652,41:21.7,23,Ozimops ridei,Peat Swamp
2023,30601.203,34079.547,47693.156,40:41.8,23,Ozimops ridei,Peat Swamp
2023,30038.896,32672.998,39845.082,40:51.5,23,Goulds,Peat Swamp
2023,28488.877,29759.512,32284.949,40:52.9,23,Goulds,Peat Swamp
2023,29258.086,30693.078,33081.113,41:44.2,23,Goulds\,Peat Swamp
2023,30087.416,33233.633,43122.684,41:46.1,23,Goulds,Peat Swamp
2023,28921.723,30027.852,32027.236,41:49.6,23,Goulds,Peat Swamp
2023,32834.395,33840.977,36558.828,42:34.1,23,Scots,Peat Swamp
2023,32834.395,33840.977,36558.828,42:34.1,23,Goulds,Peat Swamp
2023,36278.949,41132.57,53437.891,23:43:24,23,38khz,Peat Swamp
2023,37744.25,38538.742,39520.316,23:43:49,23,38khz,Peat Swamp
2023,37385.352,38287.586,40035.445,43:51.0,23,38khz,Peat Swamp
2023,36383.117,41265.762,54034.918,44:46.4,23,38khz,Peat Swamp
2023,36383.117,41265.762,54034.918,44:46.4,23,Goulds,Peat Swamp
2023,29586.195,31006.826,36179.863,44:01.2,23,Goulds,Peat Swamp
2023,30481.762,32030.91,36208.605,44:06.2,23,Goulds,Peat Swamp
2023,36990.996,38211.125,40280.016,23:44:24,23,Goulds,Peat Swamp
2023,38058.836,39711.969,46213.074,44:25.1,23,38khz,Peat Swamp
2023,37655.148,38561.387,40522.809,44:27.5,23,38khz,Peat Swamp
2023,36761.637,38232.68,41915.457,44:29.4,23,38khz,Peat Swamp
2023,33204.371,34275.316,36637.688,44:31.9,23,38khz,Peat Swamp
2023,35044.594,37669.062,43855.789,47:28.0,23,38khz,Peat Swamp
2023,34432.199,36301.441,39635.91,47:29.6,23,Goulds,Peat Swamp
2023,33332.078,36254.465,43802.57,47:31.9,23,Goulds,Peat Swamp
2023,34592.656,36203.422,39354.105,23:44:58,23,Goulds,Peat Swamp
2023,30044.33,32665.701,41566.988,47:05.6,23,Goulds,Peat Swamp
2023,29803.293,30392.535,31202.059,47:08.5,23,Goulds,Peat Swamp
2023,29016.381,30224.182,32886.199,47:09.9,23,Goulds,Peat Swamp
2023,28623.545,29920.082,31712.328,23:47:44,23,Goulds,Peat Swamp
2023,29528.395,30656.605,32972.965,47:45.0,23,Goulds,Peat Swamp
2023,29718.793,30569.951,31895.986,47:48.8,23,Goulds,Peat Swamp
2023,28721.467,30024.574,32216.436,47:51.0,23,Goulds,Peat Swamp
2023,29590.105,31348.15,37576.805,23:45:53,23,Goulds,Peat Swamp
2023,28773.473,30965.209,37104.98,45:59.7,23,Goulds,Peat Swamp
2023,30037.182,32314.496,39119.801,46:01.9,23,Goulds,Peat Swamp
2023,38911.82,40199.156,43635.789,50:48.1,23,38khz,Peat Swamp
2023,32804.293,35660.812,43771.863,48:32.1,23,38khz,Peat Swamp
2023,35362.312,39572.629,51088.641,23:48:08,23,38khz,Peat Swamp
2023,35138.492,39894.984,52337.23,48:15.3,23,38khz,Peat Swamp
2023,35099.578,37065.285,40932.773,55:29.9,23,38khz,Peat Swamp
2023,35358.496,41139.043,55774.047,55:31.8,23,38khz,Peat Swamp
2023,35034.426,38531.004,47612.945,23:58:18,23,38khz,Peat Swamp
2023,35406.754,38551.684,46119.379,04:04.5,0,38khz,Peat Swamp
2023,35626.422,41378.527,57467.379,04:08.2,0,38khz,Peat Swamp
2023,35157.777,39175.293,49449.152,05:12.1,0,38khz,Peat Swamp
2023,35668.719,41474.938,57249.875,0:08:23,0,38khz,Peat Swamp
2023,29046.793,30423.799,33131.242,08:35.0,0,Goulds,Peat Swamp
2023,29573.309,32431.861,41552.957,08:35.9,0,Goulds,Peat Swamp
2023,28194.891,29866.375,34350.957,08:39.8,0,Goulds,Peat Swamp
2023,35544.609,39758.312,50212.293,0:09:11,0,38khz,Peat Swamp
2023,29030.982,30872.262,36060.484,0:10:26,0,Goulds,Peat Swamp
2023,29140.371,29871.076,31104.855,10:49.8,0,Goulds,Peat Swamp
2023,28657.537,29717.76,31872.762,10:50.8,0,Goulds,Peat Swamp
2023,28589.662,30007.912,32778.145,10:53.1,0,Goulds,Peat Swamp
2023,28525.828,29956.441,32591.682,10:55.3,0,Goulds,Peat Swamp
2023,28988.553,30828.594,35385.855,14:27.2,0,Goulds,Peat Swamp
2023,30551.203,31776.211,34318.328,0:14:38,0,Goulds,Peat Swamp
2023,29129.867,31301.801,38525.91,11:07.1,0,Goulds,Peat Swamp
2023,29616.732,31371.104,36620.508,0:15:55,0,Ozimops ridei,Peat Swamp
2023,28970.852,30245.795,33054.004,15:59.0,0,Ozimops ridei,Peat Swamp
2023,35738.574,40861.688,54285.215,0:14:43,0,38khz,Peat Swamp
2023,35738.574,40861.688,54285.215,0:14:43,0,Goulds,Peat Swamp
2023,34283.117,37636.109,46200.984,0:19:08,0,Goulds,Peat Swamp
2023,35557.676,39572.152,50040.848,0:20:03,0,38khz,Peat Swamp
2023,34144.148,35790.766,38713.598,20:11.0,0,38khz,Peat Swamp
2023,36304.02,41381.059,54780.617,20:18.2,0,38khz,Peat Swamp
2023,35348.078,39178.594,49685.66,20:32.2,0,Goulds,Peat Swamp
2023,35745.836,40386.469,53238.586,21:08.0,0,38khz,Peat Swamp
2023,35187.332,39730.039,51684.711,21:59.1,0,38khz,Peat Swamp
2023,35718.516,36952.766,38847.934,22:04.6,0,38khz,Peat Swamp
2023,35117.645,39300.934,51394.375,0:22:08,0,,Peat Swamp
2023,35771.691,40519.363,52521.703,0:24:40,0,,Peat Swamp
2023,35800.301,40059.242,51414.906,0:25:45,0,38khz,Peat Swamp
2023,34566.797,36478.492,40144.559,25:51.2,0,38khz,Peat Swamp
2023,35380.312,39477.363,49973.492,25:17.6,0,38khz,Peat Swamp
2023,35424.223,39955.18,51215.066,28:00.4,0,38khz,Peat Swamp
2023,34457.445,36682.637,40536.863,28:09.5,0,38khz,Peat Swamp
2023,36151.113,38005.309,41607.672,29:08.1,0,38khz,Peat Swamp
2023,35823.367,39936.707,50591.191,29:09.2,0,38khz,Peat Swamp
2023,34560.32,35800.953,38067.203,29:16.7,0,38khz,Peat Swamp
2023,35584.254,40446.109,53629.828,30:42.4,0,38khz,Peat Swamp
2023,35153.586,39307.066,49987.898,30:44.5,0,38khz,Peat Swamp
2023,34959.422,36706.684,40053.387,30:51.8,0,38khz,Peat Swamp
2023,36037.5,37199.395,39427.312,0:31:54,0,38khz,Peat Swamp
2023,33627.461,35388.438,38619.527,31:56.7,0,,Peat Swamp
2023,36035.941,41721.473,56895.68,0:31:25,0,38khz,Peat Swamp
2023,35041.109,37204.914,41493.793,31:30.4,0,38khz,Peat Swamp
2023,33628.883,36553.391,42613.48,31:32.0,0,,Peat Swamp
2023,35367.508,40475.133,54620.098,31:32.7,0,Goulds,Peat Swamp
2023,34701.426,37109.211,42474.148,31:36.4,0,38khz,Peat Swamp
2023,35988.16,37018.027,38598.188,0:32:05,0,38khz,Peat Swamp
2023,35157.641,39207.754,49987.25,32:06.0,0,38khz,Peat Swamp
2023,35818.191,40655.062,52546.277,32:37.4,0,38khz,Peat Swamp
2023,35284.891,39335.695,49644.824,34:36.1,0,38khz,Peat Swamp
2023,35550.336,38758.766,46306.91,32:19.2,0,,Peat Swamp
2023,34659.602,39903.945,55173.52,32:21.8,0,38khz,Peat Swamp
2023,34630.254,37625.703,44911.359,32:23.6,0,38khz,Peat Swamp
2023,34684.398,39096.883,49132.688,32:26.2,0,38khz,Peat Swamp
2023,34904.938,36608.105,40136.012,32:28.6,0,Goulds,Peat Swamp
2023,36157.754,41150.234,53656.324,35:11.3,0,38khz,Peat Swamp
2023,35789.934,40924.219,54666.391,0:35:40,0,38khz,Peat Swamp
2023,35453.184,39423.137,49238.039,0:32:54,0,38khz,Peat Swamp
2023,35353.754,39664.305,50826.414,33:02.8,0,38khz,Peat Swamp
2023,35537.988,40386.762,52937.473,0:36:23,0,38khz,Peat Swamp
2023,35330.199,37073.227,39710.738,36:30.4,0,38khz,Peat Swamp
2023,35515.695,40471.816,53151.785,35:58.7,0,38khz,Peat Swamp
2023,36303.238,40967.359,52599.543,41:32.9,0,38khz,Peat Swamp
2023,28691.762,29494.92,31308.201,41:39.9,0,Ozimops ridei,Peat Swamp
2023,28550.652,29576.715,31395.945,41:43.8,0,Ozimops ridei,Peat Swamp
2023,35557.371,40304.832,52218.664,42:22.1,0,38khz,Peat Swamp
2023,35206.773,37146.18,40687.23,42:29.0,0,38khz,Peat Swamp
2023,29189.469,30177.307,32431.316,0:41:56,0,Goulds,Peat Swamp
2023,29670.973,30866.396,33271.453,42:00.3,0,Goulds,Peat Swamp
2023,29911.826,31102.076,33441.082,42:03.5,0,Goulds,Peat Swamp
2023,35927.902,40233.031,50610.043,42:47.1,0,38khz,Peat Swamp
2023,28674.203,29394.672,30927.227,43:35.9,0,Goulds,Peat Swamp
2023,29538.164,32082.316,39884.938,00:25.1,1,Goulds,Peat Swamp
2023,35485.309,40192.082,52882.68,44:09.1,0,38khz,Peat Swamp
2023,36043.352,37986.852,41563.734,44:17.7,0,38khz,Peat Swamp
2023,29051.312,30494.486,34644.004,1:03:33,1,Noise,Peat Swamp
2023,29713.414,31266.818,35717.59,03:34.5,1,Goulds,Peat Swamp
2023,29738.33,30843.879,32812.414,03:36.0,1,Goulds,Peat Swamp
2023,30178.83,33488.012,45967.707,1:00:03,1,Goulds,Peat Swamp
2023,30149.867,33866.812,47928.73,00:12.2,1,Goulds,Peat Swamp
2023,30431.012,31210.527,32671.574,1:04:01,1,Noise,Peat Swamp
2023,30759.396,33040.973,38977.449,04:02.3,1,Goulds,Peat Swamp
2023,29671.359,32311.133,41286.133,06:49.1,1,Goulds,Peat Swamp
2023,28930.986,30802.287,36529.086,05:11.2,1,Goulds,Peat Swamp
2023,28782.242,30325.133,35739.152,05:17.1,1,Goulds,Peat Swamp
2023,29728.898,31903.717,38965.277,1:04:11,1,Goulds,Peat Swamp
2023,49903.301,51711.898,54268.926,1:14:43,1,Little Bentwing,Peat Swamp
2023,50651.152,52379.848,57454.594,14:44.4,1,Little Bentwing,Peat Swamp
2023,49493.219,51567.852,56353.094,14:46.5,1,Little Bentwing,Peat Swamp
2023,31509.955,33479.062,38848.812,15:08.4,5,Goulds,Peat Swamp
2023,29737.24,31784.824,36629.25,07:35.3,1,Goulds,Peat Swamp
2023,28778.469,29859.926,32056.822,07:41.1,1,Goulds,Peat Swamp
2023,29369.115,31405.639,37903.316,07:43.3,1,Goulds,Peat Swamp
2023,28798.178,30539.721,34668.359,07:44.8,1,Goulds,Peat Swamp
2023,30282.873,32697.277,40846.277,15:27.1,5,Goulds,Peat Swamp
2023,56680.801,59512.957,68922.633,20:54:36,20,Little bentwing,Peat Swamp
2023,57294.984,59882.527,68638.891,20:47:35,20,Little Bentwing,Peat Swamp
2023,28478.768,29517.439,30549.859,54:01.6,19,Noise,Peat Swamp
2023,56225.047,59351.355,65138.922,36:33.3,20,Little Bentwing,Peat Swamp
2023,56207.23,58537.645,67437.352,21:02:09,21,Little Bentwing,Peat Swamp
2023,38506.852,39738.066,42248.734,43:45.1,18,38khz,Peat Swamp
2023,38560.277,39350.309,40837.594,43:47.3,18,38khz,Peat Swamp
2023,26900.887,28213.299,29743.854,03:46.6,20,Noise,Peat Swamp
2023,35215.242,39612.805,52844.773,48:49.1,18,38khz,Peat Swamp
2023,51797.867,52996.555,60443.953,20:45.1,21,Chocolate Wattled,Peat Swamp
2023,56912.297,59451.27,69685.945,21:11:51,21,Little Bentwing,Peat Swamp
2023,52674.285,55055.504,60155.805,49:36.1,21,Chocolate Wattled,Peat Swamp
2023,57964.555,60463.805,71202.25,13:11.1,21,Little Bentwing,Peat Swamp
2023,56548.648,59032.984,67038.305,42:29.8,21,Little Bentwing,Peat Swamp
2023,56904.035,60249.066,70033.469,21:48:37,21,Little Bentwing,Peat Swamp
2023,57378.914,60466.641,72138.031,21:02:56,21,Little Bentwing,Peat Swamp
2023,56995.918,59847.852,70626.461,06:53.7,21,Little Bentwing,Peat Swamp
2023,29939.354,32505.076,42143.109,55:05.1,21,Goulds,Peat Swamp
2023,31247.062,33485.504,40006.297,10:47.3,22,Goulds,Peat Swamp
2024,49901.824,51910.797,57310.531,8:10:05 PM,20,Chocolate Wattled Bat,Peat Swamp
2024,55737.078,57411.945,61466.254,9:16:19 PM,21,Miniaus,Peat Swamp
2024,38864.301,41689.711,54484.848,9:30:14 PM,21,38khz,Peat Swamp
2024,50706,53289.488,60034.062,12:06:41 AM,2,Chocolate Wattled Bat,Peat Swamp
2024,57443.664,59205.152,66631.289,12:16:07 AM,21,Miniaus,Peat Swamp
2024,56673.191,61176.707,74386.008,12:29:10 AM,20,Miniaus,Peat Swamp
2024,38932.41,41295.273,54355.887,12:29:57 AM,21,38khz,Peat Swamp
2024,39221.344,40974.492,48740.504,12:30:11 AM,21,38khz,Peat Swamp
2024,38750.957,41611.117,58288.531,12:33:55 AM,21,38khz,Peat Swamp
2024,25259.252,8679.743,26705.84,12:34:14 AM,1,Austronomus australis,Peat Swamp
2024,31569.922,33305.883,40725.629,12:45:13 AM,21,Goulds Wattled Bat,Peat Swamp
2024,30857.674,33142.594,42093.676,12:45:17 AM,21,Goulds Wattled Bat,Peat Swamp
2024,57216.211,60269.219,70480.242,12:45:59 AM,21,Miniaus,Peat Swamp
2024,58277.715,60994.617,69777.359,12:47:05 AM,21,Miniaus,Peat Swamp
2024,57272.703,59226.902,65597.461,12:47:08 AM,1,Miniaus,Peat Swamp
2024,30432.406,32933.785,40206.547,12:47:24 AM,4,Goulds Wattled Bat,Peat Swamp
2024,51308.801,50246.605,58251.777,12:53:23 AM,0,Miniaus,Peat Swamp
2024,38639.625,40262.328,47316.684,12:55:33 AM,20,38khz,Peat Swamp
2024,38878.172,39419.547,40446.832,4:43:59 AM,4,Hoary,Peat Swamp
2024,40241.617,43454.176,53799.898,55:26.0,18,Scotorepens,Peat Swamp
2024,40258.875,42808.016,49428.699,55:28.1,18,Scotorepens,Peat Swamp
2024,40516.465,43070.711,53259.953,36:44.1,20,Scotorepens,Peat Swamp
2024,57409.543,59431.996,65960.75,50:46.9,19,Little Bentwing,Peat Swamp
2024,36785.949,40539.465,51734.676,41:14.9,20,Scotorepens,Peat Swamp
2024,56955.023,60645.145,75555.82,50:27.1,20,Little Bentwing,Peat Swamp
2024,58216.332,59785.863,65213.324,47:12.0,20,Little Bentwing,Peat Swamp
2024,58043.562,61988.598,75036.43,20:43:39,20,Little Bentwing,Peat Swamp
2024,57287.574,59887.438,68885.734,43:42.0,20,LIttle Bentwing,Peat Swamp
2024,58402.648,61133.344,72444.766,21:23.1,21,Little Bentwing,Peat Swamp
2024,42092.871,44057.809,48137.078,17:30.8,21,Scotorepens,Peat Swamp
2024,34578.918,37183.395,44353.059,54:08.6,20,Goulds,Peat Swamp
2024,33120.766,34745.117,37826.344,54:12.4,20,Goulds,Peat Swamp
2024,58081.555,60790.895,70097.328,57:25.8,20,Little bentwing,Peat Swamp
2024,58043.332,60836.812,72857.945,13:40.1,21,LIttle bentwing,Peat Swamp
2024,56431.828,58913.359,67059.773,21:30.4,21,Little Bentwing White STriped,Peat Swamp
2024,57735.391,59595.289,65445.461,57:02.3,21,Little,Peat Swamp
2024,57393.004,61877.574,77951.477,25:31.4,21,Little,Peat Swamp
2024,32687.896,35237.562,45748.059,22:08:35,22,Goulds,Peat Swamp
2024,55521.477,57880.953,67370.336,31:40.7,21,LIttle,Peat Swamp
2024,57969.117,60970.758,72520.82,17:30.0,22,Little,Peat Swamp
2024,53604.52,55561.602,62544.445,08:21.0,22,Little Goulds,Peat Swamp
2024,32621.732,38111.883,56456.238,08:25.9,22,Goulds,Peat Swamp
2024,38505.281,39121.082,40336.41,38:45.6,22,Scotorepens,Peat Swamp
2024,30312.523,32175.105,37358.863,56:57.2,22,Goulds,Peat Swamp
2024,32179.629,34624.117,44918.164,23:18:41,23,White Striped Scotorepens,Peat Swamp
2024,16367.587,17500.797,19851.096,49:51.2,22,White Striped,Peat Swamp
2024,40363.848,47492.211,70914.578,18:10.0,23,Scotorepens,Peat Swamp
2024,40826.441,45142.266,57346.648,18:30.4,23,Scotorepens,Peat Swamp
2024,38987.957,42907.75,59893,18:32.9,23,Scotorepens,Peat Swamp
2024,38908.754,42759.699,59741.844,23:18:47,23,Scotorepens White Striped,Peat Swamp
2024,39432.902,41726.324,47579.398,18:54.3,23,Scotorepens,Peat Swamp
2024,40008.062,42121.531,49265.754,17:37.2,23,Scotorepens,Peat Swamp
2024,40042.07,42894.863,52370.742,17:39.1,23,Scotorepens,Peat Swamp
2024,39546.043,44831.703,64220.922,17:42.1,23,Scotorepens,Peat Swamp
2024,40681.711,42691.562,48663.906,19:05.4,23,Scotorepens,Peat Swamp
2024,39535.48,43616.746,60148.141,17:53.0,23,Scotorepens,Peat Swamp
2024,39403.266,42319.297,55778.109,18:02.1,23,Scotorepens,Peat Swamp
2024,18517.873,21161.812,28084.932,21:23.2,23,Scotorepens White Striped,Peat Swamp
2024,13829.498,15341.896,19764.195,21:26.4,23,White STriped,Peat Swamp
2024,39735.496,43546.906,59189.797,19:11.2,23,Scotorepens,Peat Swamp
2024,39463.445,42752.211,55555.203,23:24:22,23,Scotorepens,Peat Swamp
2024,37387.52,40944.137,53343.586,25:03.2,23,Scotorepens,Peat Swamp
2024,40493.113,45291.34,61340.574,23:38.4,23,Scotorepens,Peat Swamp
2024,39734.277,43114.355,56647.402,23:41.8,23,Scotorepens,Peat Swamp
2024,30634.949,32711.17,39685.34,23:26:17,23,Noise,Peat Swamp
2024,40966.992,47091.801,60441.367,23:49.9,23,Scotorepens,Peat Swamp
2024,40228.656,43963.309,58161.875,23:54.0,23,Scotorepens,Peat Swamp
2024,40033.031,42820.164,52455.898,23:57.6,23,Scotorepens,Peat Swamp
2024,40444.707,44508.262,60706.859,24:00.6,23,Scotorepens,Peat Swamp
2024,39944.113,43474.348,57135.531,23:24:05,23,Scotorepens,Peat Swamp
2024,39046.816,41172.254,47696.285,24:08.1,23,Scotorepens,Peat Swamp
2024,39566.547,43571.988,61152.402,24:11.1,23,Scotorepens,Peat Swamp
2024,39783.258,41945.402,47661.195,24:19.5,23,Scotorepens,Peat Swamp
2024,12635.033,13496.551,15063.205,27:32.1,23,White Striped,Peat Swamp
2024,40302.172,43600.43,56584.484,26:48.5,23,Scotorepens,Peat Swamp
2024,39609.32,41513.625,48276.668,29:47.6,23,Scotorepens,Peat Swamp
2024,39489.773,42539.734,53294.156,24:31.0,23,Scotorepens,Peat Swamp
2024,39499.391,42801.555,53975.844,24:35.0,23,Scotorepens,Peat Swamp
2024,39099.355,43723.133,60182.047,24:38.6,23,Scotorepens,Peat Swamp
2024,38790.688,42477.512,54619.582,25:12.1,23,Scotorepens,Peat Swamp
2024,38524.242,43481.961,60174.211,25:16.4,23,Scotorepens,Peat Swamp
2024,38633.934,40837.098,49911.004,25:22.1,23,Scotorepens,Peat Swamp
2024,57037.883,59088.309,66170.18,45:53.0,23,Little Bentwing,Peat Swamp
2024,40401.859,44086.348,57808.918,23:55:48,23,Scotorepens,Peat Swamp
2024,39405.609,41873.766,51705.621,52:18.5,23,Scotorepens,Peat Swamp
2024,14275.165,16328.545,20911.408,56:52.5,23,White Striped,Peat Swamp
2024,30924.146,32845.695,39381.805,57:06.1,23,Scotorepens White Striped,Peat Swamp
2024,22814.842,25163.135,31533.094,56:58.4,23,White Striped Scotorepens,Peat Swamp
2024,30982.822,32109.936,34581.984,57:26.5,23,White Striped Scotorepens,Peat Swamp
2024,12097.277,13052.205,14747.585,57:12.1,23,White Striped,Peat Swamp
2024,13198.724,14329.455,16462.969,58:41.6,23,White Striped,Peat Swamp
2024,31734.078,33445.184,38467.195,57:33.3,23,White Striped Scotorepens,Peat Swamp
2024,20094.168,21047.676,23164.324,57:37.5,23,White STriped Scotorepens,Peat Swamp
2024,12683.109,14521.895,18693.047,23:59:05,23,White Striped,Peat Swamp
2024,35355.219,38160.43,49132.539,58:02.0,23,Scotorepens WHite striped,Peat Swamp
2024,30561.268,32905.844,42117.129,23:59:46,23,Scotorepens white striped,Peat Swamp
2024,22009.697,24607.771,31610.385,59:24.2,23,white striped,Peat Swamp
2024,38971.867,42120.656,56113.012,00:45.3,0,Scotorepens,Peat Swamp
2024,14707.966,15963.955,18227.25,01:35.4,0,white striped,Peat Swamp
2024,14296.331,15913.802,19044.527,01:39.1,0,white striped,Peat Swamp
2024,15831.94,17086.25,19504.525,01:55.9,0,white striped,Peat Swamp
2024,39174.258,42917.953,58162.973,02:45.2,0,white striped Scotorepens,Peat Swamp
2024,15797.212,17477.887,21327.045,01:59.2,0,white striped,Peat Swamp
2024,15147.024,17726.121,22746.203,02:01.8,0,white striped,Peat Swamp
2024,33433.043,37337.098,50273.977,02:34.5,0,white striped Scotorepens,Peat Swamp
2024,36320.578,39295.449,52799.348,0:00:11,0,white striped Scotorepens,Peat Swamp
2024,37993.426,40738.188,51033.637,00:19.8,0,Scotorepens,Peat Swamp
2024,34703.91,36688.273,44994.34,59:54.2,23,white striped Scotorepens,Peat Swamp
2024,31034.135,33761.434,40829.156,00:06.5,0,white striped Scotorepens,Peat Swamp
2024,39116.242,44094.496,62888.602,00:28.0,0,Scotorepens,Peat Swamp
2024,39117.246,44193.16,62615.281,00:33.8,0,Scotorepens,Peat Swamp
2024,32094.379,34207.875,40431.781,04:14.4,0,white striped Scotorepens,Peat Swamp
2024,13581.233,14524.741,16379.552,05:58.3,0,white striped,Peat Swamp
2024,41390.051,46086.422,62364.281,03:10.4,0,Scotorepens,Peat Swamp
2024,34952.664,37700.492,44212.898,03:13.7,0,Scotorepens,Peat Swamp
2024,13945.175,14879.968,16677.598,03:18.9,0,white striped,Peat Swamp
2024,41332.016,43863.406,54485.582,0:02:54,0,Scotorepens,Peat Swamp
2024,32292.281,34496.312,41644.18,02:55.2,0,Scotorepens white striped,Peat Swamp
2024,40687.387,43992.715,55932.953,02:57.8,0,Scotorepens,Peat Swamp
2024,13714.769,14800.58,16761.061,03:22.1,0,white striped,Peat Swamp
2024,18506.762,19907.719,22825.375,05:33.1,0,Scotorepens white striped,Peat Swamp
2024,12546.895,13698.834,15787.05,06:23.0,0,white striped,Peat Swamp
2024,31477.227,33921.621,46732.074,16:57.6,0,Scotorepens,Peat Swamp
2024,58318.273,60095.121,68502.039,0:20:43,0,little bentwing,Peat Swamp
2024,29544.225,31526.291,37807.82,34:30.9,0,goulds,Peat Swamp
2024,57656.703,59567.527,64313.219,09:08.7,2,little bentwing,Peat Swamp
2024,12909.272,14242.872,17488.869,33:02.8,1,white striped,Peat Swamp
2024,35443.91,36967.48,44052.035,20:25.6,2,Scotorepens white striped,Peat Swamp
2024,41565.609,43798.398,49784.285,36:35.8,4,Scotorepens,Peat Swamp
2024,30593.791,32213.818,35406.953,29:55.1,4,goulds,Peat Swamp
2024,39139.844,40516.352,45574.023,36:52.4,3,Scotorepens,Peat Swamp
2024,37832.848,38819.906,42115.781,36:55.5,3,Scotorepens,Peat Swamp
2024,41915.637,44484.543,52543.594,38:15.6,4,Scotorepens,Peat Swamp
2024,41332.113,51224.879,66196.273,35:03.1,4,Long Eared Bat,Peat Swamp
2024,28999.918,30196.154,33174.906,5:01:02,5,Goulds,Peat Swamp
2024,29491.562,30611.43,33546.051,4:57:10,4,Goulds,Peat Swamp
2024,30307.211,31362.521,33889.102,4:54:20,4,Goulds,Peat Swamp
2024,30002.191,31200.684,33980.758,54:24.8,4,Goulds,Peat Swamp
2024,30565.242,31772.188,34194.113,55:29.2,4,Goulds,Peat Swamp
2024,30524.352,32902.797,42859.32,55:30.8,4,Goulds,Peat Swamp
2024,30573.766,32596.949,39611.75,4:57:29,4,Goulds,Peat Swamp
2024,29635.264,31245.197,37202.652,57:34.0,4,Goulds,Peat Swamp
2024,28809.475,29879.383,32045.527,57:38.3,4,Goulds,Peat Swamp
2024,31890.523,33483.836,38394.73,5:01:15,5,Goulds,Peat Swamp
2024,38150.215,39093.391,41444.539,5:02:00,5,Scotorepens,Peat Swamp
2024,38934.051,40730.898,46287.02,5:06:28,5,Scotorepens,Peat Swamp
2024,38693.496,39561.043,41501.027,06:33.5,5,Scotorepens,Peat Swamp
2024,38826.836,40735.266,48244.469,09:17.2,5,Scotorepens,Peat Swamp
2024,31063.125,33360.605,40390.035,11:07.5,5,Goulds,Peat Swamp
2024,29415.271,31468.305,38515.855,11:09.1,5,Goulds,Peat Swamp
2024,38878.172,39419.547,40446.832,4:43:59,4,Hoary,Peat Swamp
2024,38639.625,40262.328,47316.684,55:33.5,20,38khz,Peat Swamp
2024,39221.344,40974.492,48740.504,30:11.1,21,38khz,Peat Swamp
2024,38932.41,41295.273,54355.887,29:57.2,21,38khz,Peat Swamp
2024,38864.301,41689.711,54484.848,21:30:14,21,38khz,Peat Swamp
2024,38750.957,41611.117,58288.531,33:55.3,21,38khz,Peat Swamp
2024,56673.191,61176.707,74386.008,29:10.1,20,Miniopterus australis,Peat Swamp
2024,51308.801,50246.605,58251.777,53:23.2,0,Miniopterus australis,Peat Swamp
2024,57443.664,59205.152,66631.289,16:07.2,21,Miniopterus australis,Peat Swamp
2024,58277.715,60994.617,69777.359,47:05.3,21,Miniopterus australis,Peat Swamp
2024,57272.703,59226.902,65597.461,47:08.2,1,Miniopterus australis,Peat Swamp
2024,55737.078,57411.945,61466.254,21:16:19,21,Miniopetrus australis,Peat Swamp
2024,57216.211,60269.219,70480.242,45:58.7,21,Mini,Peat Swamp
2024,49901.824,51910.797,57310.531,20:10:05,20,Chalinolobus morio,Peat Swamp
2024,50706,53289.488,60034.062,06:41.1,2,Chalinolobus morio,Peat Swamp
2024,25259.252,8679.743,26705.84,34:13.9,1,Noise,Peat Swamp
2024,30857.674,33142.594,42093.676,45:17.3,21,GouldsWattled,Peat Swamp
2024,31569.922,33305.883,40725.629,45:13.1,21,Goulds Wattled,Peat Swamp
2024,30432.406,32933.785,40206.547,47:24.2,4,Goulds Wattled,Peat Swamp
2024,26669.475,28181.518,30210.363,42:32.4,17,Unknown,Peat Swamp
2024,39825.363,40444.875,41679.762,22:17.4,20,38khz,Peat Swamp
2024,39977.086,42375.828,52337.977,10:04.3,19,38khz,Peat Swamp
2024,29254.156,31768.701,41447.152,18:18:41,18,Goulds Wattled Bat,Peat Swamp
2024,57791.699,61690.996,74073.062,43:19.0,20,Little Bentwing Bat,Peat Swamp
2024,56759.148,59510.938,68725.133,02:40.2,21,Little Bentwing Bat,Peat Swamp
2024,38456.199,40021.664,45866.035,12:28.3,21,38khz,Peat Swamp
2024,34328.742,36333.703,43196.949,12:44.2,21,38khz,Peat Swamp
2024,32203.512,36528.746,52765.648,11:56.0,21,Goulds Wattled Bat,Peat Swamp
2024,57728.301,62040.766,77492.148,12:59.1,21,Little Bentwing Bat,Peat Swamp
2024,57616.055,59166.793,62167.621,13:02.2,21,Little Bentwing Bat,Peat Swamp
2024,56519.551,60567.766,70583.578,22:03.2,21,Little Bentwing Bat,Peat Swamp
2024,30938.678,34545.055,47526.285,12:11.6,21,Goulds Wattled Bat,Peat Swamp
2024,30325.156,33149.289,44291.785,12:14.5,21,Goulds,Peat Swamp
2024,30325.156,33149.289,44291.785,12:14.5,21,38khz,Peat Swamp
2024,38853.02,41000.281,50226.465,12:17.4,21,38khz,Peat Swamp
2024,57140.902,59574.848,68811.383,23:43.1,21,Little Bentwing Bat,Peat Swamp
2024,29765.531,31024.086,34348.855,26:49.9,21,Goulds Wattled Bat,Peat Swamp
2024,57617.832,59628.047,65730.344,35:09.2,21,Little Bentwing Bat,Peat Swamp
2024,56658.371,60577.875,73512.367,27:48.1,21,Little Bentwing Bat,Peat Swamp
2024,56865.23,61414.109,76907.742,40:39.2,21,Little Bentwing Bat,Peat Swamp
2024,31506.664,35508.184,50568.426,20:07.3,21,Goulds Wattled Bat,Peat Swamp
2024,14711.901,16681.748,21045.572,35:22.2,0,Austronomus australis,Peat Swamp
2024,38707.371,41122.969,51970.938,33:44.3,21,38khz,Peat Swamp
2023,17845.18,18980.568,19982.654,15:10.3,19,NOISE,Wet Heathland
2023,27305.34,28178.043,29708.793,15:53.7,3,30,Wet Heathland
2023,27187.432,28582.191,30738.461,23:01:53,23,30,Wet Heathland
2023,27876.689,28844.691,30490.459,53:20.0,2,30,Wet Heathland
2023,28078.719,29192.512,31277.113,46:51.3,0,30,Wet Heathland
2023,27875.572,29269.934,31828.9,29:51.7,21,30,Wet Heathland
2023,28546.064,29525.025,31452,4:49:06,4,30,Wet Heathland
2023,29197.518,29858.143,32720.818,22:08.6,22,30,Wet Heathland
2023,28765.188,29947.178,31757.193,23:01:49,23,30,Wet Heathland
2023,28956.49,30204.418,32616.688,46:54.5,0,30,Wet Heathland
2023,29829.682,30570.672,32486.693,4:34:50,4,30,Wet Heathland
2023,29386.037,30642.107,33055.73,35:57.2,2,30,Wet Heathland
2023,29417.338,30807.162,33125.219,15:55.6,3,30,Wet Heathland
2023,29642.936,30849.342,33085.641,39:43.0,2,30,Wet Heathland
2023,30204.895,30924.773,31773.877,36:57.1,2,30,Wet Heathland
2023,29595.52,30935.512,33567.926,29:52.6,21,30,Wet Heathland
2023,29780.281,30973.885,33193.254,36:03.2,2,30,Wet Heathland
2023,29685.723,31018.398,34710.242,18:30.8,5,30,Wet Heathland
2023,29632.051,31174.787,34506.242,18:36.5,5,30,Wet Heathland
2023,29837.896,31180.471,33804.918,54:53.4,20,30,Wet Heathland
2023,30314.82,31191.271,33081.723,2:35:55,2,30,Wet Heathland
2023,29774.518,31197.922,33718.254,53:21.1,2,30,Wet Heathland
2023,29981.967,31199.145,33574.547,23:33:39,23,30,Wet Heathland
2023,30115.891,31413.051,33541.684,19:59.1,23,30,Wet Heathland
2023,30584.561,31427.203,32794.938,54:51.7,20,30,Wet Heathland
2023,29972.707,31427.824,33413.77,01:55.0,23,30,Wet Heathland
2023,30120.35,31478.559,34452.102,12:20.1,4,30,Wet Heathland
2023,30291.973,31540.83,33472.941,49:08.9,4,30,Wet Heathland
2023,30576.635,31550.611,33034.094,4:39:28,4,30,Wet Heathland
2023,30437.236,31554.295,33902.25,46:53.4,0,30,Wet Heathland
2023,30150.664,31598.145,34198.945,33:42.0,23,30,Wet Heathland
2023,30799.619,31638.801,33160.609,10:32.0,5,30,Wet Heathland
2023,30190.877,31641.174,34843.844,47:47.0,4,35,Wet Heathland
2023,30276.947,31642.824,35220.051,18:33.4,5,35,Wet Heathland
2023,30430.719,31689.336,34483.863,21:29:45,21,35,Wet Heathland
2023,30316.287,31700.277,35014.539,2:28:46,2,35,Wet Heathland
2023,30311.613,31707.723,35206.07,38:06.6,4,35,Wet Heathland
2023,30570.498,31778.887,34376.52,33:46.4,23,35,Wet Heathland
2023,30306.877,31793.998,37021.16,18:31.5,5,35,Wet Heathland
2023,30171.543,31812.455,35195.23,0:46:45,0,35,Wet Heathland
2023,30112.945,31817.33,35901.031,22:11.4,22,35,Wet Heathland
2023,30985.449,31866.271,33584.668,08:02.7,5,35,Wet Heathland
2023,30571.443,31879.246,34448.773,23:01.5,23,35,Wet Heathland
2023,29802.156,31897.309,38132.68,13:31.2,19,35,Wet Heathland
2023,31112.588,31945.992,33304.527,4:38:03,4,35,Wet Heathland
2023,30874.461,32053.371,33676.191,28:48.7,2,35,Wet Heathland
2023,30685.646,32182.967,35504.191,39:29.7,4,35,Wet Heathland
2023,31147.148,32212.184,34381.227,38:05.0,4,35,Wet Heathland
2023,30831.613,32214.635,35968.664,16:36.4,19,35,Wet Heathland
2023,31135.191,32252.309,34493.969,16:52.0,19,35,Wet Heathland
2023,30706.697,32299.73,35787.863,36:54.0,2,35,Wet Heathland
2023,31077.893,32311.672,35530.031,10:33.7,5,35,Wet Heathland
2023,31091.445,32440.377,35161.477,22:06.5,22,35,Wet Heathland
2023,31216.9,32579.42,35460.676,10:32.9,5,35,Wet Heathland
2023,31239.027,32608.723,35464.188,01:51.5,23,35,Wet Heathland
2023,31004.553,32612.949,37281.41,15:47.2,3,38khz,Wet Heathland
2023,31438.557,32673.777,35003.367,08:03.8,5,35,Wet Heathland
2023,30922.248,32762.258,36851.125,22:22:04,22,35,Wet Heathland
2023,31468.998,33022.008,37007.473,11:27.3,5,38khz,Wet Heathland
2023,31250.953,33146.539,39657.27,19:17:30,19,38khz,Wet Heathland
2023,31026.4,33287.723,44981.324,18:35.1,5,38khz,Wet Heathland
2023,31138.027,33834.738,43515.031,19:16:48,19,38khz,Wet Heathland
2023,32163.477,33868.953,38643.23,17:16.2,19,38khz,Wet Heathland
2023,32178.758,33933.461,38632.645,17:35.4,19,38khz,Wet Heathland
2023,32480.199,34108.934,38797.812,17:36.8,19,38khz,Wet Heathland
2023,32373.531,34117.824,39184.23,29:47.7,21,38khz,Wet Heathland
2023,32577.656,34230.684,37951.895,13:53.4,19,38khz,Wet Heathland
2023,32236.975,34383.031,41433.453,13:49.1,19,38khz,Wet Heathland
2023,31419.84,34460.176,44436.988,17:09.3,19,38khz,Wet Heathland
2023,32343.133,34595.344,41864.039,13:25.2,19,38khz,Wet Heathland
2023,31553.291,34812.676,47475.039,13:27.1,19,38khz,Wet Heathland
2023,32116.967,35417.602,47954.848,47:45.3,19,38khz,Wet Heathland
2023,32762.26,35900.086,46428.617,17:31.0,19,38khz,Wet Heathland
2023,32456.205,36468.949,50765.074,17:10.8,19,38khz,Wet Heathland
2023,32700.756,37009.805,48525.992,18:21:28,18,38khz,Wet Heathland
2023,37485.566,38495.355,41575.984,18:58.7,18,38khz,Wet Heathland
2023,38007.117,38542.203,39813.812,21:01.0,18,38khz,Wet Heathland
2023,38026.816,38563,39415.949,06:52.6,5,38khz,Wet Heathland
2023,38098.727,38724.523,39814.973,09:06.7,3,38khz,Wet Heathland
2023,38096.969,38904.289,39925.5,20:34.9,18,38khz,Wet Heathland
2023,38278.391,38945.773,40305.094,06:00.3,5,38khz,Wet Heathland
2023,38556.672,39034.078,40844.383,59:16.8,3,38khz,Wet Heathland
2023,38474.586,39057.332,40005.293,59:13.3,3,38khz,Wet Heathland
2023,37834.289,39126.703,40474.273,20:35.6,18,38khz,Wet Heathland
2023,38103.879,39180.949,41429.289,19:52.4,18,38khz,Wet Heathland
2023,38100.375,39202.094,42538.297,06:01.1,5,38khz,Wet Heathland
2023,38556.672,39212.828,40822.766,08:43.8,5,38khz,Wet Heathland
2023,38462.723,39311.137,41724.953,44:07.7,4,38khz,Wet Heathland
2023,38743.43,39361.594,40113.078,5:08:42,5,38khz,Wet Heathland
2023,38793.77,39399.922,41251.402,10:52.5,4,38khz,Wet Heathland
2023,38679.973,39403.977,41995.598,44:00.2,4,38khz,Wet Heathland
2023,38514.156,39413.176,42452.41,5:05:56,5,38khz,Wet Heathland
2023,38401.676,39440.98,43937.805,54:58.2,4,38khz,Wet Heathland
2023,38098.695,39450.348,44271.977,19:36.5,18,38khz,Wet Heathland
2023,38611.285,39475.613,41562.754,4:22:21,4,38khz,Wet Heathland
2023,38844.109,39521.938,40626.938,4:40:00,4,38khz,Wet Heathland
2023,38066.504,39522.598,43439.707,21:04.6,18,38khz,Wet Heathland
2023,38371.719,39523.961,41570.645,59:15.2,3,38khz,Wet Heathland
2023,37980.52,39542.156,45786.988,26:24.9,18,38khz,Wet Heathland
2023,38587.195,39542.82,42752.875,14:07.9,3,38khz,Wet Heathland
2023,38565.613,39560.984,40936.602,23:45.2,4,38khz,Wet Heathland
2023,38941.945,39603.762,42143.645,59:38.4,3,38khz,Wet Heathland
2023,38621.016,39603.766,42699.633,1:03:45,1,38khz,Wet Heathland
2023,38912.809,39617.52,41907.203,06:50.0,5,38khz,Wet Heathland
2023,38378.32,39618.73,44334.68,19:53.9,4,38khz,Wet Heathland
2023,38192.047,39627.809,42570.289,32:51.5,0,38khz,Wet Heathland
2023,38760.27,39636.633,43402.691,02:00.8,1,38khz,Wet Heathland
2023,38695.836,39638.492,41978.262,40:02.2,4,38khz,Wet Heathland
2023,38130.371,39641.289,43306.793,18:21:11,18,38khz,Wet Heathland
2023,38292.09,39659.766,44155.277,20:02.0,18,38khz,Wet Heathland
2023,38716.168,39670.707,43240.168,45:38.9,3,38khz,Wet Heathland
2023,38133.922,39673.496,44318.246,19:19.8,18,38khz,Wet Heathland
2023,38507.238,39709.777,44311.203,14:53.0,1,38khz,Wet Heathland
2023,39025.32,39716.688,41256.984,47:59.2,3,38khz,Wet Heathland
2023,38592.488,39717.887,43777.949,4:19:48,4,38khz,Wet Heathland
2023,38538.078,39718.578,43094.211,19:56.7,4,38khz,Wet Heathland
2023,38689.969,39737.715,44314.16,59:44.2,3,38khz,Wet Heathland
2023,38594.754,39737.934,45059.547,05:19.3,5,38khz,Wet Heathland
2023,38816.582,39742.688,42405.562,14:29.2,3,38khz,Wet Heathland
2023,38394.93,39759.578,44898.094,13:26.9,4,38khz,Wet Heathland
2023,39141.047,39780.027,42331.781,33:09.1,0,38khz,Wet Heathland
2023,39102.953,39781.395,42143.633,4:02:05,4,38khz,Wet Heathland
2023,39215.688,39805.5,40818.453,25:56.3,1,38khz,Wet Heathland
2023,39312.758,39807.078,40835.336,0:39:33,0,38khz,Wet Heathland
2023,38631.129,39807.418,44885.266,11:40.8,1,38khz,Wet Heathland
2023,38862.641,39808.66,42019.82,1:18:09,1,38khz,Wet Heathland
2023,39009.699,39815.43,43397.922,4:13:24,4,38khz,Wet Heathland
2023,38733.363,39825.91,44544.016,4:52:30,4,38khz,Wet Heathland
2023,39088.777,39829.039,42020.098,36:29.2,0,38khz,Wet Heathland
2023,39168.094,39842.293,42360.84,14:26.4,3,38khz,Wet Heathland
2023,39265.164,39844.586,41227.477,4:10:50,4,38khz,Wet Heathland
2023,38502.324,39891.414,43163.855,20:28.1,18,38khz,Wet Heathland
2023,39145.641,39920.262,41729.621,14:27.6,3,38khz,Wet Heathland
2023,39061.965,39952.789,43323.094,09:53.4,4,38khz,Wet Heathland
2023,38658.059,39954.562,45317.508,20:56.1,18,38khz,Wet Heathland
2023,38987.957,39960.691,43889.309,14:54.4,1,38khz,Wet Heathland
2023,39219.457,39962.539,42949.43,32:49.3,0,38khz,Wet Heathland
2023,38750.543,39964.379,42585.004,27:21.3,1,38khz,Wet Heathland
2023,38784.223,39964.418,45834.164,13:28.9,4,38khz,Wet Heathland
2023,39120.504,39977.223,42140.668,32:56.4,0,38khz,Wet Heathland
2023,38982.332,39980.461,44354.742,0:33:08,0,38khz,Wet Heathland
2023,38874.492,39994.234,44038.469,4:05:23,4,38khz,Wet Heathland
2023,38154.473,39994.531,49665.402,21:18.0,18,38khz,Wet Heathland
2023,38945.059,40006.215,44862.426,4:40:35,4,38khz,Wet Heathland
2023,38648.246,40008.41,46132.938,32:29.7,0,38khz,Wet Heathland
2023,39124.219,40015.895,43963.922,33:10.7,0,38khz,Wet Heathland
2023,38909.559,40019.176,44259.117,59:02.2,3,38khz,Wet Heathland
2023,39057.078,40046.348,44079.859,39:33.8,0,38khz,Wet Heathland
2023,39029.035,40063.602,42823.055,34:12.4,1,38khz,Wet Heathland
2023,38767.195,40064.719,44046.137,27:18.5,1,38khz,Wet Heathland
2023,38459.871,40081.59,43994.039,20:58.7,18,38khz,Wet Heathland
2023,39029.035,40107.52,43937.578,09:55.4,4,38khz,Wet Heathland
2023,38396.145,40141.496,44941.793,18:19:34,18,38khz,Wet Heathland
2023,38877.098,40143.629,42794.129,19:50.1,18,38khz,Wet Heathland
2023,38875.934,40155.91,43348.148,09:08.0,3,38khz,Wet Heathland
2023,38420.883,40156.59,44371.312,20:42.0,18,38khz,Wet Heathland
2023,38431.246,40166.254,45331.582,26:21.2,18,38khz,Wet Heathland
2023,39374.746,40205.227,43253.91,1:27:15,1,38khz,Wet Heathland
2023,39169.98,40213.199,43480.023,1:25:54,1,38khz,Wet Heathland
2023,38902.5,40239.305,46934.934,59:42.1,3,38khz,Wet Heathland
2023,39102.809,40253.176,45796.578,11:38.4,1,38khz,Wet Heathland
2023,38983.25,40286.418,45392.008,52:37.5,4,38khz,Wet Heathland
2023,39025.336,40290.996,43908.172,53:58.5,3,38khz,Wet Heathland
2023,39189.375,40293.211,44907.281,27:21.9,1,38khz,Wet Heathland
2023,39131.98,40334.52,44486.711,32:28.0,2,38khz,Wet Heathland
2023,38902.977,40334.527,45909.457,44:02.2,4,38khz,Wet Heathland
2023,39479.676,40367.875,44154.016,36:31.8,0,38khz,Wet Heathland
2023,39348.918,40388.352,43734.348,39:38.3,0,38khz,Wet Heathland
2023,39036.047,40389.762,46965.84,36:33.4,0,38khz,Wet Heathland
2023,39062.711,40390.289,46570.402,2:25:04,2,38khz,Wet Heathland
2023,39014.855,40403.09,45323.129,3:47:57,3,38khz,Wet Heathland
2023,39290.641,40403.242,42812.297,3:13:59,3,38khz,Wet Heathland
2023,39288.395,40404.191,42099.281,05:06.7,2,38khz,Wet Heathland
2023,39237.891,40415.66,44775.785,14:48.3,1,38khz,Wet Heathland
2023,38844.055,40423.891,46574.691,04:43.7,2,38khz,Wet Heathland
2023,39050.977,40443.258,46152.133,3:54:44,3,38khz,Wet Heathland
2023,39151.996,40448.305,45592.93,28:03.4,2,38khz,Wet Heathland
2023,39083.93,40452.473,44589.844,05:14.2,2,38khz,Wet Heathland
2023,39036.664,40458.832,46036.203,33:11.6,0,38khz,Wet Heathland
2023,39297.867,40459.848,45508.66,1:01:55,1,38khz,Wet Heathland
2023,39257.547,40507.402,44372.699,3:53:55,3,38khz,Wet Heathland
2023,38298.344,40516.543,51934.246,18:56.6,18,38khz,Wet Heathland
2023,39029.035,40527.867,45364.57,2:22:07,2,38khz,Wet Heathland
2023,38900.68,40535.508,48629.707,22:15.4,2,38khz,Wet Heathland
2023,39334.035,40570.641,46116.207,05:10.6,2,38khz,Wet Heathland
2023,39612.633,40590.023,44102.129,23:33.3,0,38khz,Wet Heathland
2023,39352.266,40614.723,47649.133,26:54.1,2,38khz,Wet Heathland
2023,39346.367,40688.699,45217.508,32:54.8,0,38khz,Wet Heathland
2023,38506.145,40706.215,51897.344,32:53.0,0,38khz,Wet Heathland
2023,39735.973,40737.496,43977.055,1:33:04,1,38khz,Wet Heathland
2023,39176.484,40739.926,47792.328,3:10:51,3,38khz,Wet Heathland
2023,39281.629,40741.512,46825.145,18:21.9,2,38khz,Wet Heathland
2023,39397.664,40747.25,46069.703,29:58.0,1,38khz,Wet Heathland
2023,38771.617,40779.688,45250.789,19:18.4,18,38khz,Wet Heathland
2023,39302.363,40790.191,46479.867,34:07.8,1,38khz,Wet Heathland
2023,39397.008,40795.949,46589.121,3:58:23,3,38khz,Wet Heathland
2023,39550.98,40813.113,45659.004,02:02.7,1,38khz,Wet Heathland
2023,39638.258,40865.461,44397.445,23:42.3,0,38khz,Wet Heathland
2023,39416.723,40878.449,45989.574,14:05.2,3,38khz,Wet Heathland
2023,39347.035,40888.484,49165.598,34:05.4,1,38khz,Wet Heathland
2023,39394.195,40915.742,48684.664,23:38.3,0,38khz,Wet Heathland
2023,39737.27,40921.008,44572.824,33:36.5,21,38khz,Wet Heathland
2023,39567.465,40951.422,47452.527,06:59.5,1,38khz,Wet Heathland
2023,39710.738,40961.539,45039.367,13:59.9,3,38khz,Wet Heathland
2023,39342.812,41033.203,51112.715,02:06.8,4,38khz,Wet Heathland
2023,39424.797,41064.109,46712.605,25:12.8,2,38khz,Wet Heathland
2023,38438.844,41092.188,52361.508,26:08.7,18,38khz,Wet Heathland
2023,39389.73,41097.785,48136.734,08:46.0,1,38khz,Wet Heathland
2023,39467.004,41131.715,49516.273,06:52.2,1,38khz,Wet Heathland
2023,39743.027,41155.855,45688.77,07:08.2,4,38khz,Wet Heathland
2023,39123.176,41229.543,48964.293,19:56.4,18,38khz,Wet Heathland
2023,39162.551,41265.289,48076.93,40:42.1,4,38khz,Wet Heathland
2023,39448.336,41330.301,51322.832,30:48.2,2,38khz,Wet Heathland
2023,39970.352,41363.629,48738.074,32:26.2,0,38khz,Wet Heathland
2023,39675.059,41407.98,48047.324,19:10.5,23,38khz,Wet Heathland
2023,39774.027,41429.766,48374.293,06:24.1,1,38khz,Wet Heathland
2023,38692.676,41468.035,54130.172,25:01.1,18,38khz,Wet Heathland
2023,39564.547,41472.641,50037.141,07:00.2,4,38khz,Wet Heathland
2023,39227.996,41474.473,52341.555,2:34:08,2,38khz,Wet Heathland
2023,40103.008,41479.207,47352.199,10:53.6,3,38khz,Wet Heathland
2023,39620.52,41525.43,48680.578,45:37.2,3,38khz,Wet Heathland
2023,39425.133,41603.555,48899.867,05:24.7,4,38khz,Wet Heathland
2023,39490.539,41603.582,46827.848,33:16.0,0,38khz,Wet Heathland
2023,39587.336,41619.582,50300.121,23:36.0,0,38khz,Wet Heathland
2023,38578.227,41632.211,53777.754,20:07.2,18,38khz,Wet Heathland
2023,39244.719,41688.871,46324.516,44:42.2,2,38khz,Wet Heathland
2023,39768.344,41783.73,48510.926,06:50.3,1,38khz,Wet Heathland
2023,39549.562,41787.801,52549.953,08:31.1,1,38khz,Wet Heathland
2023,40856.945,41890.109,45954.262,36:30.9,0,38khz,Wet Heathland
2023,39265.562,41967.188,53720.066,18:55.1,18,38khz,Wet Heathland
2023,39943.75,42081.652,49878.562,2:04:42,2,38khz,Wet Heathland
2023,40340.781,42091.148,49530.363,20:34.1,18,38khz,Wet Heathland
2023,39552.758,42118.07,53131.777,18:15.1,2,38khz,Wet Heathland
2023,40153.547,42138.062,50959.434,33:34.3,21,38khz,Wet Heathland
2023,38672.219,42199.809,58304.836,18:20:47,18,38khz,Wet Heathland
2023,39518.188,42278.703,56470.59,1:29:51,1,38khz,Wet Heathland
2023,39909,42317.852,54739.973,1:11:15,1,38khz,Wet Heathland
2023,40109.957,42323.18,50034.551,18:20.7,2,38khz,Wet Heathland
2023,40305.094,42372.191,51121.367,23:13:20,23,38khz,Wet Heathland
2023,40409.195,42558.809,49989.941,59:11.2,3,38khz,Wet Heathland
2023,40202.02,42820.277,50376.641,14:02.7,3,38khz,Wet Heathland
2023,41035.223,42961.961,49857.547,26:52.3,2,38khz,Wet Heathland
2023,39491.879,42969.906,57824.359,32:22.2,2,38khz,Wet Heathland
2023,38892.418,43028.043,60881.125,21:21.8,18,38khz,Wet Heathland
2023,39737.355,43143.676,56552.531,18:13.3,1,38khz,Wet Heathland
2023,41454.762,43265.195,47389.031,11:45.2,1,38khz,Wet Heathland
2023,40261.68,43309.711,50722.688,05:08.7,2,38khz,Wet Heathland
2023,42348.004,45310.91,51080.336,36:51.1,2,38khz,Wet Heathland
2023,40079.539,45739.949,63080.203,53:57.6,3,38khz,Wet Heathland
2023,40273.25,46076.453,64872.715,18:12.0,1,38khz,Wet Heathland
2023,45438.777,47879.781,57051.145,18:37.0,23,Chocolate,Wet Heathland
2023,43677.719,50372.336,69071.625,06:57.8,22,Chocolate,Wet Heathland
2023,43503.438,51239.633,70806.367,04:11.6,21,Chocolate,Wet Heathland
2023,47859.586,52137.988,61081.266,06:07.1,2,Chocolate,Wet Heathland
2023,51119.766,52212.762,54609.406,55:55.0,0,Chocolate,Wet Heathland
2023,47923.859,52266.238,61344.234,45:58.3,2,Chocolate,Wet Heathland
2023,48420.613,52432.355,61617.328,02:12.2,2,Chocolate,Wet Heathland
2023,49495.684,52454.992,60922.656,31:24.2,3,Chocolate,Wet Heathland
2023,48683.168,52559.141,61755.301,42:48.6,2,Chocolate,Wet Heathland
2023,49840.613,52635.051,59742.148,04:17.6,5,Chocolate,Wet Heathland
2023,47208.543,52642.074,62505.57,39:55.0,1,Chocolate,Wet Heathland
2023,47802.402,52746.504,62001.148,41:12.2,2,Chocolate,Wet Heathland
2023,48818.961,52785.438,61033.387,34:44.1,2,Chocolate,Wet Heathland
2023,48128.055,52959.477,62181.289,43:05.2,21,Chocolate,Wet Heathland
2023,48339.504,52980.516,62505.996,49:53.1,23,Chocolate,Wet Heathland
2023,48806.438,52992.906,62329.227,43:22.3,3,Chocolate,Wet Heathland
2023,49137.969,53006.953,61233.32,38:29.4,21,Chocolate,Wet Heathland
2023,48702.949,53100.84,62083.242,37:42.3,2,Chocolate,Wet Heathland
2023,50832.586,53412.332,60492.957,05:02.1,20,Chocolate,Wet Heathland
2023,49844.137,53412.965,60996.625,40:30.3,20,Chocolate,Wet Heathland
2023,48803.562,53434.613,63690.508,13:25.5,3,Chocolate,Wet Heathland
2023,43733.383,53636.34,75568.062,06:59.6,22,Chocolate,Wet Heathland
2023,50766.84,53652.848,60666.832,09:06.5,20,Chocolate,Wet Heathland
2023,51100.484,53856.895,61508.895,35:31.1,20,Chocolate,Wet Heathland
2023,50427.25,53891.234,61885.48,34:43.1,23,Little bentwing,Wet Heathland
2023,50493.109,54232.711,64819.18,06:48.3,20,Little bentwing,Wet Heathland
2023,50971.844,54258.301,60946.539,54:17.1,21,Little bentwing,Wet Heathland
2023,50937.969,54423.699,63127.738,57:19.1,20,Little bentwing,Wet Heathland
2023,50891.059,54462.113,63037.992,36:03.2,1,Little bentwing,Wet Heathland
2023,50455.965,54524.289,64607.488,00:54.6,22,Little bentwing,Wet Heathland
2023,52232.051,55351.531,62581.984,51:07.7,21,Little bentwing,Wet Heathland
2023,51126.898,55441.254,67373.656,02:01.1,21,Little bentwing,Wet Heathland
2023,52706.836,55612.676,64096.168,04:23.1,22,Little bentwing,Wet Heathland
2023,53538.113,55632.219,63665.867,55:51.9,0,Little bentwing,Wet Heathland
2023,51492.035,55737.613,67347.734,08:33.1,22,Little bentwing,Wet Heathland
2023,52141.52,56496.773,69255.859,18:48:39,18,Little bentwing,Wet Heathland
2023,54724.59,56722.688,65734.984,0:55:51,0,Little bentwing,Wet Heathland
2023,52525.164,56736.023,67810.117,10:45.0,20,Little bentwing,Wet Heathland
2023,52807.016,56929.371,68098.578,51:58.2,21,Little bentwing,Wet Heathland
2023,51687.383,57711.055,74116.695,08:02.1,20,Little bentwing,Wet Heathland
2023,56003.793,57834.176,61601.219,30:48.2,21,Little bentwing,Wet Heathland
2023,55975.398,57958.023,62553.754,2:00:11,2,Little bentwing,Wet Heathland
2023,56058.117,58231.113,64453.914,23:33:01,23,Little bentwing,Wet Heathland
2023,57148.688,58280.758,60627.262,12:46.9,3,Little bentwing,Wet Heathland
2023,53503.254,58435.711,71482.906,03:26.1,19,Little bentwing,Wet Heathland
2023,55819.953,58487.441,64105.387,19:31.1,22,Little bentwing,Wet Heathland
2023,56544.906,58499.738,63750.809,11:03.3,22,Little bentwing,Wet Heathland
2023,56259.289,58506.301,63666.398,33:39.1,22,Little bentwing,Wet Heathland
2023,56351.074,58574.914,63697.539,20:56:55,20,Little bentwing,Wet Heathland
2023,56665.258,58918.633,64763.094,21:08:12,21,Little bentwing,Wet Heathland
2023,56346.41,58934.43,64447.215,21:02:51,21,Little bentwing,Wet Heathland
2023,57148.688,59051.98,64748.031,42:31.5,19,Little bentwing,Wet Heathland
2023,56751.934,59067.641,66198.977,54:22.2,20,Little bentwing,Wet Heathland
2023,57156.227,59103.789,66349.922,07:38.5,1,Little bentwing,Wet Heathland
2023,55740.109,59169.23,68906.07,40:46.0,22,Little bentwing,Wet Heathland
2023,56943.66,59392.434,66898.125,49:35.4,20,Little bentwing,Wet Heathland
2023,56746.031,59422.812,66675.93,41:09.8,22,Little bentwing,Wet Heathland
2023,57974.062,59455.742,63863.77,47:03.6,2,Little bentwing,Wet Heathland
2023,56608.227,59463.094,67635.383,59:14.2,20,Little bentwing,Wet Heathland
2023,55752.035,59532.242,62594.695,21:12:43,21,Little bentwing,Wet Heathland
2023,57539.836,59559.914,67432.953,12:43.3,3,Little bentwing,Wet Heathland
2023,57012.605,59621.898,67239.008,56:13.8,20,Little bentwing,Wet Heathland
2023,56610.027,59657.383,67549.672,56:35.4,1,Little bentwing,Wet Heathland
2023,56602.133,59673.008,69469.242,05:55.1,1,Little bentwing,Wet Heathland
2023,57136.227,59926.43,68536.969,3:04:27,3,Little bentwing,Wet Heathland
2023,57074.074,59967.832,69203.617,08:11.3,23,Little bentwing,Wet Heathland
2023,58193.148,60086.551,65290.953,47:37.0,19,Little bentwing,Wet Heathland
2023,57616.426,60096.617,65954.586,20:10:44,20,Little bentwing,Wet Heathland
2023,57568.859,60112.559,68915.5,42:30.8,19,Little bentwing,Wet Heathland
2023,56404.645,60120.16,69689.109,18:42.0,22,Little bentwing,Wet Heathland
2023,57329.047,60130.871,68581.812,11:44.0,22,Little bentwing,Wet Heathland
2023,57733.504,60397.598,68726.664,51:33.2,3,Little bentwing,Wet Heathland
2023,57559.27,60410.82,71721.836,47:38.1,19,Little bentwing,Wet Heathland
2023,58974.098,60492.969,65191.18,22:41:29,22,Little bentwing,Wet Heathland
2023,57271.562,60536.359,71511.406,46:49.5,1,Little bentwing,Wet Heathland
2023,58020.84,60626.395,69242.219,00:59.2,21,Little bentwing,Wet Heathland
2023,57240.16,60673.047,69158.188,2:59:22,2,Little bentwing,Wet Heathland
2023,58063.574,60675.969,69221.141,06:55.1,21,Little bentwing,Wet Heathland
2023,56764.156,60740.574,71078.836,04:58.1,21,Little bentwing,Wet Heathland
2023,57891.219,60866.641,70962.625,42:30.0,19,Little bentwing,Wet Heathland
2023,57832.988,60868.504,70762.148,41:30.2,22,Little bentwing,Wet Heathland
2023,57844.996,60877.613,70019.797,53:25.7,3,Little bentwing,Wet Heathland
2023,57853.742,60945.043,70704.984,40:17.1,1,Little bentwing,Wet Heathland
2023,57349.414,60974.93,72756.68,03:12.1,4,Little bentwing,Wet Heathland
2023,57320.961,61006.961,70462.117,54:34.1,2,Little bentwing,Wet Heathland
2023,57997.781,61198.363,72511.383,19:42:29,19,Little bentwing,Wet Heathland
2023,56576.641,61407.016,75271.492,22:43:11,22,Little bentwing,Wet Heathland
2023,58191.562,61453.457,72541.93,53:45.2,20,Little bentwing,Wet Heathland
2023,59156.094,61550.414,69222.148,20:56:13,20,Little bentwing,Wet Heathland
2023,58264.496,61592.113,73618.859,57:58.3,20,Little bentwing,Wet Heathland
2023,56891.32,61594.914,75805.492,41:18.5,0,Little bentwing,Wet Heathland
2023,57808.125,62009.848,74162.352,21:05:38,21,Little bentwing,Wet Heathland
2023,57221.207,62017.738,78667.445,14:06.4,2,Little bentwing,Wet Heathland
2023,58267.43,62104.832,74558.891,19:14.5,3,Little bentwing,Wet Heathland
2023,58893.512,62155.352,74156.562,19:30.1,22,Little bentwing,Wet Heathland
2023,58510.062,62283.449,77219.953,36:37.1,20,Little bentwing,Wet Heathland
2023,58190.234,62557.789,78627.938,24:21.1,20,Little bentwing,Wet Heathland
2023,59708.145,62595.477,74112.922,48:30.3,2,Little bentwing,Wet Heathland
2023,56962.84,62709.605,82186.977,40:33.1,19,Little bentwing,Wet Heathland
2023,58605.891,62781.734,79041.625,21:59.1,3,Little bentwing,Wet Heathland
2023,58945.863,62902.781,76104.281,00:57.0,21,Little bentwing,Wet Heathland
2023,58809.227,62938.344,78189.328,08:42.2,23,Little bentwing,Wet Heathland
2023,58707.543,63277.914,79904.336,36:41.1,1,Little bentwing,Wet Heathland
2023,57030.145,63302.32,79153.234,28:51.2,3,Little bentwing,Wet Heathland
2023,56644.078,63344.641,82491.023,40:45.3,22,Little bentwing,Wet Heathland
2023,58610.402,77194.953,111904.758,24:20.2,20,Little bentwing,Wet Heathland
2023,38882.512,41479.508,53289.215,56:11.1,17,38khz,Wet Heathland
2023,38531.973,40181.773,43831.105,56:12.8,17,38khz,Wet Heathland
2023,37775.801,39911.094,51616.551,51:17.1,17,38khz,Wet Heathland
2023,38200.73,39821.492,45744.211,17:56:36,17,38khz,Wet Heathland
2023,37271.031,38681.891,42331.004,56:39.5,17,38khz,Wet Heathland
2023,38564.875,40287.207,49616.969,17:50:58,17,38khz,Wet Heathland
2023,38262.18,42040.488,58174.52,50:59.9,17,38khz,Wet Heathland
2023,38201.125,40036.254,50325.445,17:55:49,17,38khz,Wet Heathland
2023,38200.543,39435.145,41671.188,55:54.7,17,38khz,Wet Heathland
2023,41026.719,43720.367,53837.277,57:31.2,17,38khz,Wet Heathland
2023,40103.008,43625.258,61844.531,57:31.9,17,38khz,Wet Heathland
2023,39838.434,43102.973,59299.805,57:32.5,17,38khz,Wet Heathland
2023,40718.953,44750.918,60723.652,57:35.0,17,38khz,Wet Heathland
2023,37779.191,39241.965,44225.176,56:21.2,17,38khz,Wet Heathland
2023,38714.074,40619.02,47899.105,56:23.0,17,38khz,Wet Heathland
2023,38353.387,39728.719,44338.723,56:25.2,17,38khz,Wet Heathland
2023,38168.461,39439.047,43914.672,56:28.4,17,38khz,Wet Heathland
2023,37569.168,39031.312,43630.738,17:52:37,17,38khz,Wet Heathland
2023,38019.441,39507.859,45065.727,52:42.6,17,38khz,Wet Heathland
2023,39393.258,41742.539,50078.098,17:57:45,17,38khz,Wet Heathland
2023,38477.363,40740.863,49293.801,58:35.1,17,38khz,Wet Heathland
2023,39969.309,43853.438,58650,58:36.3,17,38khz,Wet Heathland
2023,38228.215,39699.594,42627.332,58:40.8,17,38khz,Wet Heathland
2023,39685.035,42487.031,54504.555,58:44.1,17,38khz,Wet Heathland
2023,39689.715,42825.02,56114.977,17:57:56,17,38khz,Wet Heathland
2023,40106.891,45002.762,66085.188,57:58.3,17,38khz,Wet Heathland
2023,39994.465,42836.438,53456.168,17:58:53,17,38khz,Wet Heathland
2023,40259.633,44284.41,60706.922,58:21.1,17,38khz,Wet Heathland
2023,38870.57,41442.262,52361.621,58:27.5,17,38khz,Wet Heathland
2023,37649.359,38464.18,41077.141,58:31.0,17,38khz,Wet Heathland
2023,39702.129,42241.762,52157.711,59:01.1,17,38khz,Wet Heathland
2023,39367.234,40884.496,42333.969,59:05.8,17,38khz,Wet Heathland
2023,40095.617,44018.961,59180.074,17:58:07,17,38khz,Wet Heathland
2023,40682.141,43519.824,53916.441,58:09.6,17,38khz,Wet Heathland
2023,40206.082,43109.258,53913.922,58:12.8,17,38khz,Wet Heathland
2023,40143.812,43874.793,58054.324,58:13.5,17,38khz,Wet Heathland
2023,38499.789,39624.754,42455.164,17:59:40,17,38khz,Wet Heathland
2023,38016.93,39494.57,44372.352,59:42.3,17,38khz,Wet Heathland
2023,38593.754,40015.598,47908.453,59:54.2,17,38khz,Wet Heathland
2023,38498.332,39907.82,45210.52,59:55.8,17,38khz,Wet Heathland
2023,38587.195,39899.016,46675.184,18:00:02,18,38khz,Wet Heathland
2023,39803.828,42962.359,54665.477,00:11.8,18,38khz,Wet Heathland
2023,37815.035,39301.324,46590.047,00:03.1,18,38khz,Wet Heathland
2023,38280.164,39575.266,44205.641,00:05.0,18,38khz,Wet Heathland
2023,39953.496,41770.637,49887.887,18:06:29,18,38khz,Wet Heathland
2023,39498.41,42594.082,55031.488,06:31.0,18,38khz,Wet Heathland
2023,38546.844,39592.691,42601.609,18:11:55,18,38khz,Wet Heathland
2023,38990.562,40437.672,48602.629,18:12:05,18,38khz,Wet Heathland
2023,38066.211,39253.496,43689.258,12:07.3,18,38khz,Wet Heathland
2023,38562.109,39897.637,47225.746,12:18.2,18,38khz,Wet Heathland
2023,39126.484,40515.832,48260.805,18:12:30,18,38khz,Wet Heathland
2023,37877.973,39105.676,43330.293,12:31.7,18,38khz,Wet Heathland
2023,38189.117,39349.016,42806.57,12:34.2,18,38khz,Wet Heathland
2023,39071.625,40444.203,44847.906,59:47.4,18,38khz,Wet Heathland
2023,37986.496,39910.238,46051.297,01:25.2,19,38khz,Wet Heathland
2023,58716.445,63948.336,81754.062,19:53.1,19,Little bentwing,Wet Heathland
2023,51973.676,54247.633,58941.129,51:17.1,18,Chocolate Wattled,Wet Heathland
2023,56841.199,60005.926,70162.258,22:58.1,19,Little bentwing,Wet Heathland
2023,58230.266,63147.234,77700.484,24:00.2,19,little bentwing,Wet Heathland
2023,57178.062,60761.051,72202,21:44.0,19,little bentwing,Wet Heathland
2023,57355.727,59806.535,68320.438,21:47.3,19,little bentwing,Wet Heathland
2023,39107.414,40294.121,43796.512,19:28:49,19,38khz,Wet Heathland
2023,39805.922,40901.273,43132.688,28:50.7,19,scot,Wet Heathland
2023,58655.574,62421.246,76035.391,34:03.1,19,little bentwing,Wet Heathland
2023,58681.445,63254.605,76709.117,46:05.1,19,little bentwing,Wet Heathland
2023,39804.609,40967.672,44107.352,29:49.4,19,scot,Wet Heathland
2023,39025.32,39639.266,41265.625,29:51.8,19,scot,Wet Heathland
2023,39316.582,40276.781,42445.953,29:53.1,19,scot,Wet Heathland
2023,38650.477,40376.523,47759.316,19:53:43,19,scot,Wet Heathland
2023,57462.293,61606.879,73722.062,20:01:06,20,little bentwing,Wet Heathland
2023,33990.051,35798.875,43051.133,20:10:10,20,scot,Wet Heathland
2023,51173.137,53720.129,61220.488,20:24:59,20,scot,Wet Heathland
2023,57801.023,61966.336,76748.742,29:03.4,20,little bentwing,Wet Heathland
2023,55755.418,60761.125,76271.938,37:17.1,20,little bentwing,Wet Heathland
2023,57296.5,61219.57,71992.625,33:33.2,20,little bentwing,Wet Heathland
2023,56830.062,59670.266,67543.586,33:35.5,20,little bentwing,Wet Heathland
2023,56089.391,60836.488,73552.344,31:09.3,20,little bentwing,Wet Heathland
2023,14340.777,15231.373,16818.553,52:48.0,20,White Striped,Wet Heathland
2023,14754.359,16552.223,19968.799,52:51.4,20,White Striped,Wet Heathland
2023,56763.285,59762.617,66236.789,56:36.2,20,Little bentwing,Wet Heathland
2023,56004.105,58636.09,65387.258,56:37.1,20,little bentwing,Wet Heathland
2023,19173.008,22703.406,33381.133,21:08:41,21,Noise,Wet Heathland
2023,15799.702,18066.221,22752.148,20:58:33,20,White Striped,Wet Heathland
2023,56464.32,58799.363,66005.961,13:03.6,21,Little bentwing,Wet Heathland
2023,17788.035,20278.078,24183.559,58:34.9,20,White Striped,Wet Heathland
2023,55566.273,57839.477,60853.406,13:04.9,21,little bentwing,Wet Heathland
2023,51121.875,53709.195,60901.562,50:18.2,21,little bentwing,Wet Heathland
2023,39624.637,42726.707,53593.902,39:42.2,21,scot,Wet Heathland
2023,51048.848,53969.957,59975.152,08:02.1,22,little bentwing,Wet Heathland
2023,56930.492,59542.059,66432.516,21:40.3,22,little bentwing,Wet Heathland
2023,30192.896,31326.684,33452.645,47:30.2,22,goolds,Wet Heathland
2023,40065.188,41931.008,50245.527,37:14.7,22,scot,Wet Heathland
2023,39721.91,41712.277,49890.422,37:16.7,22,scot,Wet Heathland
2023,38817.527,39918.93,43578.457,37:18.7,22,scot,Wet Heathland
2023,39871.242,42126.582,52026.973,48:02.5,22,scot,Wet Heathland
2023,39708.852,40797.961,44536.598,48:04.2,22,scot,Wet Heathland
2023,49339.969,53033.988,61049.707,52:11.2,22,chocolate wattled,Wet Heathland
2023,30414.109,32073.998,34449.57,09:24.8,23,Goulds,Wet Heathland
2023,28857.352,30224.67,32656.172,09:26.0,23,Goulds,Wet Heathland
2023,30687.93,31926.65,33814.133,09:28.2,23,Goulds,Wet Heathland
2023,40542.844,41876.5,48129.16,23:54:28,23,scot,Wet Heathland
2023,38916.758,41295.426,50300.254,31:10.4,23,scot,Wet Heathland
2023,30897.82,33366.074,41970.562,31:11.9,23,scot,Wet Heathland
2023,30352.484,31617,34577.586,29:11.9,23,ozimops ridei,Wet Heathland
2023,58267.547,63401.895,84236.664,14:29.2,0,little bentwing,Wet Heathland
2023,30517.619,31533.574,33535.375,0:14:35,0,ozimops ridei,Wet Heathland
2023,30402.416,32430.738,38466.809,0:39:01,0,ozimops ridei,Wet Heathland
2023,30551.814,31854.104,34727.242,1:04:55,1,ozimops ridei,Wet Heathland
2023,30543.754,32104.766,35441.781,04:57.5,1,ozimops ridei,Wet Heathland
2023,29801.375,31749.787,36973.324,13:17.0,1,ozimops ridei,Wet Heathland
2023,40419.207,42351.234,50156.152,1:36:33,1,scot,Wet Heathland
2023,14058.753,15445.418,18595.24,2:12:42,2,White Striped,Wet Heathland
2023,39730.133,41070.934,45255.027,1:40:21,1,scot,Wet Heathland
2023,12959.373,14942.688,20415.074,12:45.2,2,White Striped,Wet Heathland
2023,40107.043,41806.25,46943.344,43:17.8,1,scot,Wet Heathland
2023,40137.367,41693.523,50607.227,43:02.2,1,scot,Wet Heathland
2023,40170.688,41724.242,49282.5,43:06.0,1,scot,Wet Heathland
2023,50973.719,54222.859,61567.617,16:11.1,2,Noise,Wet Heathland
2023,39516.461,41208.711,48606.477,14:03.3,2,scot,Wet Heathland
2023,30710.131,32141.904,35151.051,00:35.8,2,ozimops ridei,Wet Heathland
2023,31507.084,32544.748,35247.082,00:38.4,2,ozimops ridei,Wet Heathland
2023,30890.332,31816.258,33129.008,00:39.5,2,ozimops ridei,Wet Heathland
2023,30030.428,31342.293,33728.355,00:41.5,2,ozimops ridei,Wet Heathland
2023,40006.73,41803.945,47193.195,14:12.3,2,scot,Wet Heathland
2023,29140.695,30221.494,32273.525,2:18:31,2,ozimops ridei,Wet Heathland
2023,29772.363,31224.131,33638.629,18:32.2,2,ozimops ridei,Wet Heathland
2023,29536.801,30827.172,33504.883,20:14.1,2,ozimops ridei,Wet Heathland
2023,40142.508,42595.863,50411.68,25:06.0,2,scot,Wet Heathland
2023,39490.867,41742.469,52686.82,25:08.2,2,scoty,Wet Heathland
2023,50559.805,53785.469,61950.273,26:53.5,2,chocolate wattled,Wet Heathland
2023,51506.859,54632.66,62701.219,26:21.1,2,chocolate wattled,Wet Heathland
2023,51454.172,54445.812,61103.094,28:54.1,2,chocolate,Wet Heathland
2023,42208.945,46687.223,63471.48,27:37.1,2,scot,Wet Heathland
2023,50878.367,54523.562,64305.32,29:08.3,2,chocolate wattled,Wet Heathland
2023,50456.59,53991.992,61455.031,30:12.5,2,chocolate wattled,Wet Heathland
2023,40000.18,42057.562,49935.012,31:42.8,2,scot,Wet Heathland
2023,51395.859,55038.074,64974.473,33:07.6,2,chocolate wattled,Wet Heathland
2023,39183.387,41370.148,46406.531,35:31.7,2,scot,Wet Heathland
2023,50922.559,54733.73,63886.066,36:59.8,2,chocolate wattled,Wet Heathland
2023,56297.906,59052.516,67252.867,38:18.5,2,little bentwing,Wet Heathland
2023,39318.438,40734.684,46061.566,35:16.2,2,scot,Wet Heathland
2023,39257.527,40587.898,44280.637,35:18.7,2,scot,Wet Heathland
2023,40107.012,43054.301,53675.797,35:39.7,2,scot,Wet Heathland
2023,39478.383,40835.324,48822.277,2:42:31,2,scot,Wet Heathland
2023,40038.414,41698.852,48957.355,42:32.5,2,scot,Wet Heathland
2023,39577.305,41186.461,46554.598,42:35.2,2,scot,Wet Heathland
2023,50960.789,54200.672,62717.672,44:59.1,2,chocolate wattled,Wet Heathland
2023,51926.113,55231.258,64952.641,43:55.6,2,chocolate wattled,Wet Heathland
2023,51073.996,54481.496,63588.84,45:23.3,2,chocolate wattled,Wet Heathland
2023,52123.312,54913.531,61326.891,49:42.2,2,Noise,Wet Heathland
2023,52073.836,54984.547,62802.77,52:30.3,2,chocolate wattled,Wet Heathland
2023,39731.078,41064.672,47430.746,2:46:08,2,scot,Wet Heathland
2023,39604.477,41445.691,49688.828,46:25.1,2,scot,Wet Heathland
2023,52310.305,55967.488,66153.766,54:54.1,2,chocolate,Wet Heathland
2023,51531.801,54687.758,64313.926,55:50.2,2,chocolate,Wet Heathland
2023,51953.891,54299.77,61911.062,57:04.6,2,chocolate,Wet Heathland
2023,56259.781,58776.871,65384.066,57:18.1,2,White Striped,Wet Heathland
2023,50590.992,54223.039,64393.859,57:42.1,2,chocolate,Wet Heathland
2023,34552.039,36967.527,46388.879,59:23.4,2,scot,Wet Heathland
2023,39566.344,41673.305,49744.297,01:15.8,3,scot,Wet Heathland
2023,39885.312,42895.77,57072.457,01:25.1,3,scot,Wet Heathland
2023,39310.047,41106.418,45323.105,58:23.3,2,scot,Wet Heathland
2023,40699.234,47371.977,67580.789,58:24.7,2,scot,Wet Heathland
2023,38895.574,40585.977,47862.305,05:17.3,3,scot,Wet Heathland
2023,39251.168,40464.812,45507.797,3:04:58,3,scot,Wet Heathland
2023,38741.602,39912.754,44625.227,05:01.7,3,scot,Wet Heathland
2023,37436.223,39642.152,42732.207,02:45.3,3,scot,Wet Heathland
2023,39356.766,41755.055,52276.543,02:46.4,3,scot,Wet Heathland
2023,38846.156,40292.059,46450.23,02:53.1,3,scot,Wet Heathland
2023,38717.77,41548.945,54055.352,03:29.7,3,scot,Wet Heathland
2023,38556.496,40096.145,46430.504,03:31.2,3,scot,Wet Heathland
2023,40272.066,41506.844,45843.086,03:33.4,3,scot,Wet Heathland
2023,39508.836,40349.43,42107.594,03:34.9,3,scot,Wet Heathland
2023,39135.207,40680.031,47270.883,3:05:06,3,scot,Wet Heathland
2023,39734.918,41904.738,49930.941,05:09.4,3,scot,Wet Heathland
2023,38888.629,40345,47154.648,06:12.4,3,scot,Wet Heathland
2023,39325.789,41646.07,48308.559,06:17.3,3,scot,Wet Heathland
2023,39194.941,40874.215,46623.863,07:07.0,3,scot,Wet Heathland
2023,39316.582,40574.328,44224.961,07:10.6,3,scot,Wet Heathland
2023,39120.504,39882.055,42285.766,3:07:20,3,scot,Wet Heathland
2023,38931.547,40861.316,48912.406,07:20.7,3,scot,Wet Heathland
2023,38575.309,39823.887,44166.418,07:23.6,3,scot,Wet Heathland
2023,39456.824,40842.984,45179.574,08:12.2,3,scot,Wet Heathland
2023,39904.93,41036.586,43626.07,08:15.2,3,scot,Wet Heathland
2023,39029.035,40602.895,44649.945,08:16.1,3,scot,Wet Heathland
2023,39608.336,40788.605,44518.898,06:53.6,3,scot,Wet Heathland
2023,40207.348,41692.949,47291.27,06:58.0,3,scot,Wet Heathland
2023,39217.57,40064.891,42302.141,08:01.6,3,scot,Wet Heathland
2023,38874.504,40329.344,45413.891,08:02.6,3,scot,Wet Heathland
2023,39335.484,42208.109,53047.094,08:04.6,3,scot,Wet Heathland
2023,40254.762,43004.383,56146.082,09:52.2,3,scot,Wet Heathland
2023,40772.168,42385.691,47466.938,10:49.3,3,scot,Wet Heathland
2023,40503.188,45748.297,64024.426,10:11.9,3,scot,Wet Heathland
2023,40834.805,45429.656,62522.305,10:17.4,3,scot,Wet Heathland
2023,40081.859,43624.496,53724.039,3:10:23,3,scot,Wet Heathland
2023,40035.559,42308.492,50275.168,10:24.7,3,scot,Wet Heathland
2023,39445.215,40804.215,46529.719,11:50.7,3,scot,Wet Heathland
2023,40048.473,41555.879,45061.973,14:51.1,3,scot,Wet Heathland
2023,39122.391,40705.234,47268.074,14:54.0,3,scot,Wet Heathland
2023,39579.465,41064.699,46492.891,3:11:59,3,scot,Wet Heathland
2023,38840.5,39736.523,42340.969,12:02.1,3,scot,Wet Heathland
2023,57209.57,61648.734,73726.672,12:15.5,3,little bentwing,Wet Heathland
2023,39310.629,40853.449,47798.578,16:23.1,3,scot,Wet Heathland
2023,38826.199,40381.578,47258.531,16:31.6,3,scot,Wet Heathland
2023,38861.547,40550.848,47446.723,17:11.8,3,scot,Wet Heathland
2023,39360.344,41495.965,49917.965,20:30.2,3,scot,Wet Heathland
2023,39804.609,41321.445,47173.324,25:24.6,3,scot,Wet Heathland
2023,40173.625,41503.859,45503.074,25:26.6,3,scot,Wet Heathland
2023,57274.34,60406.172,70758.305,24:09.4,3,little bentwing,Wet Heathland
2023,39028.293,40280.953,44675.906,26:11.8,3,scot,Wet Heathland
2023,39550.16,41825.543,49242.215,25:30.1,3,scot,Wet Heathland
2023,39737.441,41995.047,52371.238,25:32.6,3,scot,Wet Heathland
2023,39349.758,41087.953,48406.82,25:35.3,3,scot,Wet Heathland
2023,39500.207,41257.547,47101.715,3:27:53,3,scot,Wet Heathland
2023,40408.188,42686.219,51923.555,27:55.4,3,scot,Wet Heathland
2023,39061.215,40713.348,50814.039,27:56.6,3,scot,Wet Heathland
2023,38836.781,40217.559,43781.531,27:59.8,3,scot,Wet Heathland
2023,40009.094,41650.648,48126.684,28:50.2,3,scot,Wet Heathland
2023,40078.758,42920.875,56912.602,28:51.5,3,scot,Wet Heathland
2023,39149.688,40559.035,45975.906,28:53.4,3,scot,Wet Heathland
2023,38743.43,39645.684,42577.293,28:59.6,3,scot,Wet Heathland
2023,38556.195,39915.418,46060.652,29:22.4,3,scot,Wet Heathland
2023,40120.652,41839.129,50003.445,29:12.2,3,scot,Wet Heathland
2023,39712.582,42660.305,53825.805,29:14.7,3,scot,Wet Heathland
2023,51102.359,54222.219,61224.191,32:26.7,3,chocolate,Wet Heathland
2023,39803.953,42076.102,51513.113,32:48.1,3,scot,Wet Heathland
2023,39370.742,41312.531,49766.902,32:50.2,3,scot,Wet Heathland
2023,39160.922,40087.199,43755.723,29:44.8,3,scot,Wet Heathland
2023,39140.879,40802.926,48901.039,29:45.8,3,scot,Wet Heathland
2023,39218.578,40899.938,49313.152,33:17.0,3,scot,Wet Heathland
2023,39126.102,40154.598,42669.992,33:21.6,3,scot,Wet Heathland
2023,38905.414,40461.793,48315.484,3:33:41,3,scot,Wet Heathland
2023,40061.625,42008.996,46255.543,32:58.9,3,scot,Wet Heathland
2023,40047.934,44155.84,57600.824,33:02.6,3,scot,Wet Heathland
2023,39808.977,44957.523,63925.496,33:05.1,3,scot,Wet Heathland
2023,39486.953,41953.656,55748.469,33:11.6,3,scot,Wet Heathland
2023,39039.559,40316.227,46526.16,3:33:49,3,scot,Wet Heathland
2023,38966.695,40425.117,46296.004,3:35:45,3,scot,Wet Heathland
2023,40559.68,41942.203,47147.312,35:47.1,3,scot,Wet Heathland
2023,39858.387,42438,50994.191,35:52.4,3,scot,Wet Heathland
2023,30609.316,31927.859,34807.621,3:40:09,3,Goulds,Wet Heathland
2023,51256.34,53767.008,60683.285,39:30.1,3,chocolate,Wet Heathland
2023,39550,41307.723,48255.602,40:21.8,3,scot,Wet Heathland
2023,39365.535,41353.086,47492.91,36:52.7,3,scot,Wet Heathland
2023,39728.586,44116.383,54293.742,36:56.1,3,scot,Wet Heathland
2023,39101.348,41614.004,49900.695,36:57.1,3,scot,Wet Heathland
2023,39317.137,40775.91,48806.289,36:58.2,3,scot,Wet Heathland
2023,39370.82,41319.016,47662.422,37:00.2,3,scot,Wet Heathland
2023,38922.148,39920.883,43089.848,3:40:31,3,scot,Wet Heathland
2023,39506.891,41109.059,47697.961,40:32.7,3,scot,Wet Heathland
2023,51092.305,54815.719,64273.344,40:45.1,3,chocolate,Wet Heathland
2023,51040.73,54365.473,62633.953,41:51.5,3,chocolate,Wet Heathland
2023,50637.719,54484.516,64166.84,42:34.1,3,Chocolate,Wet Heathland
2023,39249.379,41827.02,50376.285,43:39.7,3,scot,Wet Heathland
2023,39870.613,41354.242,45324.633,43:43.2,3,scot,Wet Heathland
2023,51286.266,54556.793,62695.77,44:10.1,3,chocolate,Wet Heathland
2023,39413.668,41352.367,46142.637,3:43:28,3,scot,Wet Heathland
2023,39480.527,42148.43,53585.891,43:29.0,3,scot,Wet Heathland
2023,39037.117,40870.672,46937.129,43:33.0,3,scot,Wet Heathland
2023,51126.008,54480.586,63632.27,44:19.2,3,chocolate,Wet Heathland
2023,38556.695,39460.02,42971.633,3:47:58,3,scot,Wet Heathland
2023,38704.551,40040.598,45594.344,50:27.6,3,scot,Wet Heathland
2023,40576.145,43402.844,56316.109,54:07.1,3,scot,Wet Heathland
2023,39312.758,41059.43,47345.586,56:00.3,3,scot,Wet Heathland
2023,40025.672,41330.766,43386.352,46:02.7,3,scot,Wet Heathland
2023,40177.91,42134.324,52619.715,46:04.2,3,scot,Wet Heathland
2023,41325.875,46591.965,63540.145,46:07.9,3,scot,Wet Heathland
2023,38848.695,40550.094,47079.293,46:10.4,3,scot,Wet Heathland
2023,39167.223,40563.012,47923.227,3:57:09,3,scot,Wet Heathland
2023,39541.836,40793.969,44314.914,56:53.3,3,scot,Wet Heathland
2023,39874.539,41283.641,45898.949,56:54.5,3,scot,Wet Heathland
2023,38192.691,39302.312,41169.648,56:56.4,3,scot,Wet Heathland
2023,38743.43,40446.336,46931.914,56:57.4,3,scot,Wet Heathland
2023,50478.738,53249.359,60482.559,00:00.1,4,chocolate,Wet Heathland
2023,39902.992,41829.953,48293.664,56:58.5,3,scot,Wet Heathland
2023,51619.43,54202.238,60892.695,01:32.0,4,Noise,Wet Heathland
2023,39449.98,41529.945,48597.352,01:11.4,4,scot,Wet Heathland
2023,39212.004,41022.184,49259.156,01:14.2,4,scot,Wet Heathland
2023,38580.309,41126.586,49232.234,11:35.2,4,scot,Wet Heathland
2023,40204.082,44879.617,58445.516,11:36.2,4,scot,Wet Heathland
2023,39034.48,40747.59,49149.316,11:37.1,4,scot,Wet Heathland
2023,38996.457,40146.434,44211.273,11:43.5,4,scot,Wet Heathland
2023,39939.086,42025.297,52557.066,03:40.4,4,scot,Wet Heathland
2023,40782.945,47453.578,68965.773,03:45.1,4,scot,Wet Heathland
2023,40006.391,43898.562,58497.133,03:48.1,4,scot,Wet Heathland
2023,30283.352,31119.396,32287.883,02:15.7,4,ozimops ridei,Wet Heathland
2023,29343.555,30732.225,33728.746,02:17.6,4,goulds,Wet Heathland
2023,31004.059,32259.889,35062.961,25:07.1,4,goulds,Wet Heathland
2023,29990.852,31468.475,34179.164,25:09.5,4,ozimops ridei,Wet Heathland
2023,27865.545,28807.457,30278.523,02:20.6,4,ozimops ridei,Wet Heathland
2023,29849.471,31356.256,33846.172,02:21.7,4,ozimops ridei,Wet Heathland
2023,39276.441,40768.051,48336.375,20:24.1,4,scot,Wet Heathland
2023,39223.059,40706.926,46590.309,20:26.9,4,scot,Wet Heathland
2023,39291.723,40671.809,47842.266,4:25:36,4,scot,Wet Heathland
2023,39220.676,40151.504,42166.375,4:40:16,4,scot,Wet Heathland
2023,44705.297,54127.895,68046.648,38:38.6,4,,Wet Heathland
2023,42954.234,54286.867,73524.625,38:39.4,4,Nyctophilus,Wet Heathland
2023,43381.438,55051.73,74732.789,38:40.3,4,Nyctophilus,Wet Heathland
2023,30058.057,31536.42,34921.195,32:25.3,4,Ozimops ridei,Wet Heathland
2023,30468.477,32157.947,36539.418,32:30.5,4,ozimops ridei,Wet Heathland
2023,39493.602,41051.508,47068.258,37:58.2,4,scot,Wet Heathland
2023,43537.375,54185.09,70954.352,43:34.4,4,Nyctophilus,Wet Heathland
2023,39359.773,41855.551,52431.578,37:59.7,4,scot,Wet Heathland
2023,39344.297,40478.062,44666.805,4:41:50,4,scot,Wet Heathland
2023,39332.273,40819.789,46606.551,41:52.2,4,scot,Wet Heathland
2023,38925.543,40613.359,46298.453,41:55.7,4,scot,Wet Heathland
2023,38006.188,39319.613,44635.555,57:54.6,4,scot,Wet Heathland
2023,37303.156,40165.391,47423.359,01:43.1,5,scot,Wet Heathland
2024,37299.859,38683.391,42252.492,04:48.3,20,37,Wet Heathland
2024,38192.031,39797.293,45911.211,04:50.9,20,37,Wet Heathland
2024,38900.848,40113.617,44119.637,04:52.6,20,38khz,Wet Heathland
2024,38741.602,39683.773,42714.59,32:45.4,18,38khz,Wet Heathland
2024,39821.469,41197.883,43740.289,32:46.5,18,38khz,Wet Heathland
2024,38985.941,40008.164,41244.82,32:47.4,18,38khz,Wet Heathland
2024,38834.953,39786.797,44025.047,19:29:54,19,38khz,Wet Heathland
2024,29861.557,30446.852,31252.84,39:27.3,18,Ozimops Ridei,Wet Heathland
2024,29431.381,30270.482,31104.25,39:29.9,18,Ozimops ridei,Wet Heathland
2024,28127.439,28924.324,29803.727,39:33.5,18,Ozimops Ridei,Wet Heathland
2024,38280.117,39462.035,42598.773,37:08.9,18,38khz,Wet Heathland
2024,38018.879,39346.398,43413.871,37:10.0,18,38khz,Wet Heathland
2024,37345.695,38583.59,41760.918,37:13.5,18,38khz,Wet Heathland
2024,38496.824,39086.754,40972.469,14:43.2,19,38khz,Wet Heathland
2024,29851.578,30413.715,31007.752,19:29:14,19,38khz,Wet Heathland
2024,29684.908,30455.199,31621.047,26:27.0,18,Ozimops ridei,Wet Heathland
2024,29963.816,30453.406,31008.684,29:15.0,19,Ozimops ridei,Wet Heathland
2024,29358.094,29593.527,30019.928,26:28.2,18,Ozimops ridei,Wet Heathland
2024,29094.371,29392.309,29853.223,29:17.4,19,Ozimops ridei,Wet Heathland
2024,37804.707,38873.543,41440.246,18:27:04,18,38khz,Wet Heathland
2024,38206.461,39189.902,42056.242,27:05.4,18,38khz,Wet Heathland
2024,37902.859,39118.316,41885.77,27:06.8,18,38khz,Wet Heathland
2024,38885.316,40167.055,44690.027,27:11.8,18,38khz,Wet Heathland
2024,38741.602,39687.391,42784.023,18:59.0,21,38khz,Wet Heathland
2024,28500.037,30307.178,34072.574,17:59.1,21,Social,Wet Heathland
2024,18724.111,20283.914,25231.654,18:00.4,21,Social,Wet Heathland
2024,28986.268,29591.207,30305.66,29:19.6,21,Ozimops ridei,Wet Heathland
2024,28675.676,29441.816,30369.742,29:20.7,21,Ozimops ridei,Wet Heathland
2024,39506.891,41326.273,45873.762,54:21.0,21,38khz,Wet Heathland
2024,38930.137,39733.367,41279.852,54:24.3,21,38khz,Wet Heathland
2024,17345.762,20019.918,25584.836,22:51.9,20,Social,Wet Heathland
2024,17009.191,18776.242,22895.191,22:52.9,20,,Wet Heathland
2024,15658.756,18318.713,24403.043,22:53.9,20,White Striped,Wet Heathland
2024,13701.556,16102.397,21738.242,22:55.4,20,White Striped,Wet Heathland
2024,38285.461,39900.652,44616.711,37:14.3,22,38khz,Wet Heathland
2024,38605.18,40446.164,46617.711,32:24.0,22,38khz,Wet Heathland
2024,40005.293,42087.461,47692.898,32:25.7,22,38khz,Wet Heathland
2024,39185.113,40527.945,44166.77,32:26.7,22,38khz,Wet Heathland
2024,39241.539,42107.945,48980.645,32:29.1,22,38khz,Wet Heathland
2024,39000.34,41067.148,48263.18,32:31.6,22,,Wet Heathland
2024,39641.496,41727.031,46825.219,32:33.4,22,38khz,Wet Heathland
2024,39609.727,40997.555,45082.855,32:35.2,22,38khz,Wet Heathland
2024,38599.094,40334.129,43573.629,33:32.8,22,38khz,Wet Heathland
2024,39238.52,41123.844,45502.383,33:34.1,22,38khz,Wet Heathland
2024,38564.973,41032.141,48396.691,33:36.3,22,38khz,Wet Heathland
2024,39025.32,40692.414,47084.891,16:32.2,0,38khz,Wet Heathland
2024,39252.219,41055.344,47068.617,16:33.1,0,38khz,Wet Heathland
2024,39674.555,40792.305,43299.922,17:17.0,0,38khz,Wet Heathland
2024,38834.953,40165.102,45037.273,18:12.6,0,38khz,Wet Heathland
2024,39084.172,40473.133,45128.66,18:13.4,0,38khz,Wet Heathland
2024,39317.207,40473.457,43735.559,24:50.1,0,38khz,Wet Heathland
2024,39702.969,40477.781,42144.984,25:17.0,0,38khz,Wet Heathland
2024,38963.086,39720.324,41126.59,24:55.5,0,38khz,Wet Heathland
2024,39409.824,40317.852,41904.344,25:17.9,0,38khz,Wet Heathland
2024,39124.219,39964.254,41241.5,0:25:00,0,38khz,Wet Heathland
2024,39314.641,40172.688,42090.555,25:01.8,0,38khz,Wet Heathland
2024,38669.301,39864.133,43517.223,25:04.2,0,38khz,Wet Heathland
2024,39451.734,40050.031,41454.547,25:07.9,0,38khz,Wet Heathland
2024,38634.754,39783.559,42875.078,0:27:55,0,38khz,Wet Heathland
2024,38743.43,39218.305,40014.188,0:30:50,0,38khz,Wet Heathland
2024,38745.262,39524.582,41670.621,30:51.1,0,38khz,Wet Heathland
2024,39314.641,40004.414,41997.945,30:53.8,0,38khz,Wet Heathland
2024,17903.172,18127.416,18398.457,00:05.0,1,Social,Wet Heathland
2024,17496.285,18747.863,19458.553,00:06.1,1,Social,Wet Heathland
2024,19418.027,20215.781,21763.98,00:07.7,1,social,Wet Heathland
2024,18125.781,18332.65,18549.777,00:08.9,1,social,Wet Heathland
2024,19152.609,19885.008,20408.965,00:15.0,1,social,Wet Heathland
2024,18873.229,19169.436,19672.879,00:15.9,1,social,Wet Heathland
2024,17458.377,17952.328,18719.592,00:16.8,1,social,Wet Heathland
2024,38717.664,40146.316,44164.219,25:51.0,3,38khz,Wet Heathland
2024,38777.191,39635.125,42292.051,20:27.3,3,38khz,Wet Heathland
2024,37977.73,38894.117,40824.918,20:29.4,3,38khz,Wet Heathland
2024,39705.559,41228.582,45610.777,51:53.1,3,38khz,Wet Heathland
2024,38724.473,40302.281,44253.074,48:58.3,2,38khz,Wet Heathland
2024,38777.633,40135.133,44811.91,49:02.8,2,38khz,Wet Heathland
2024,38319.32,39469.121,42866.578,49:05.0,2,38khz,Wet Heathland
2024,37983.359,38852.383,41657.359,49:10.7,2,38khz,Wet Heathland
2024,38931.969,39365.109,40005.941,3:55:04,3,38khz,Wet Heathland
2024,38241.418,39392.688,41650.508,55:06.5,3,38khz,Wet Heathland
2024,38842.969,39562.867,41073.621,55:07.8,3,38khz,Wet Heathland
2024,38765.102,40236.383,43155.086,55:58.3,3,38khz,Wet Heathland
2024,39259.082,40525.531,44687.586,55:59.0,3,38khz,Wet Heathland
2024,39120.504,40274.438,44985.961,56:01.3,3,38khz,Wet Heathland
2024,38964.34,40098.004,42896.355,56:02.0,3,38khz,Wet Heathland
2024,30861.885,32719.662,39283.305,20:28.6,18,Goulds Wattled Bat,Wet Heathland
2024,31852.277,35742.793,49595.922,20:31.5,18,Goulds Wattled Bat,Wet Heathland
2024,31277.9,35113.293,50185.156,20:33.7,18,Goulds Wattled Bat,Wet Heathland
2024,30702.393,33500.293,44009.148,20:34.8,18,Goulds Wattled Bat,Wet Heathland
2024,30464.246,32877.41,41365.59,21:17.6,18,Goulds Wattled Bat,Wet Heathland
2024,30749.928,33155.559,41205.605,21:21.7,18,Goulds Wattled Bat,Wet Heathland
2024,38709.953,39634.715,41402.992,18:36:36,18,38khz,Wet Heathland
2024,38693.539,40695.48,49427.211,37:58.2,18,38khz,Wet Heathland
2024,39750.648,41221.891,44604.723,52:58.2,18,38khz,Wet Heathland
2024,38470.977,39399.152,42166.742,53:01.0,18,38khz,Wet Heathland
2024,39351.379,40531.305,44061.914,41:33.4,19,38khz,Wet Heathland
2024,40111.562,42495.402,53306.746,41:24.3,19,38khz,Wet Heathland
2024,37712.582,39159.793,44030.691,54:07.3,19,38khz,Wet Heathland
2024,38615.277,39500.441,41913.211,00:46.0,20,38khz,Wet Heathland
2024,39456.305,41529.113,48300.586,00:50.6,20,38khz,Wet Heathland
2024,39187.406,40972.992,47179.777,00:16.4,20,38khz,Wet Heathland
2024,14043.582,14175.541,14428.547,09:46.1,20,Noise,Wet Heathland
2024,29180.445,31940.15,41376.766,14:05.2,20,Goulds Wattled Bat,Wet Heathland
2024,33766.953,35326.344,39458.457,14:09.3,20,Noise,Wet Heathland
2024,27686.756,30043.645,38851.492,14:33.2,20,Goulds,Wet Heathland
2024,27686.756,30043.645,38851.492,14:33.2,20,Austronomous autrali,Wet Heathland
2024,18174.053,18845.482,19980.939,14:22.9,20,Austronomus australis,Wet Heathland
2024,16357.074,16901.711,17856.504,14:28.2,20,Social,Wet Heathland
2024,22274.076,23658.684,28031.494,14:29.8,20,Austronomus australis,Wet Heathland
2024,39320.297,40079.746,41472.699,34:47.5,20,38khz,Wet Heathland
2024,21768.098,23390.373,27086.566,39:58.3,20,Social,Wet Heathland
2024,38845.293,39951.785,43673.184,45:07.2,20,38khz,Wet Heathland
2024,39398.586,40932.227,46547.262,54:00.6,20,38khz,Wet Heathland
2024,39794.199,42041.996,48007.086,55:54.5,20,38khz,Wet Heathland
2024,39294.641,40408.617,42827.695,21:00:00,21,38khz,Wet Heathland
2024,39055.875,39944.027,42784.594,59:49.3,20,38khz,Wet Heathland
2024,39196.969,40349.711,43788.785,59:54.2,20,38khz,Wet Heathland
2024,38751.141,39638.133,41906.523,03:06.6,21,38khz,Wet Heathland
2024,33017.141,33816.043,35392.5,21:19.6,0,White Striped Free Tail,Wet Heathland
2024,37638.426,38645.711,41084.367,12:56.8,5,Scotorepens,Wet Heathland
2024,31082.246,32874.152,37059.535,08:55.1,19,Goulds Wattled Bat,Wet Heathland
2024,40171.887,43228.996,49439.227,35:12.3,18,Scotorepens,Wet Heathland
2024,38810.07,40766.461,47082.332,36:31.4,18,Scotorepens,Wet Heathland
2024,38812.887,40393.223,44114.016,34:42.0,18,Scotorepens,Wet Heathland
2024,38778.91,40001.852,45248.969,35:41.8,18,Scotorepens,Wet Heathland
2024,39019.559,40752.496,48000.762,35:45.1,18,Scotorepens,Wet Heathland
2024,39270.281,40673.641,46718.762,36:14.8,18,Scotorepens,Wet Heathland
2024,39015.906,40431.504,45049.258,36:21.4,18,Scotorepens,Wet Heathland
2024,38656.012,39868.477,43117.539,31:42.5,19,Scotorepens,Wet Heathland
2024,39774.656,41605.051,45987.137,37:23.2,19,Scotorepens,Wet Heathland
2024,38554.492,39930.18,43386.438,43:03.3,19,Scotorepens,Wet Heathland
2024,39180.688,40398.273,43572.129,54:17.5,19,Scotorepens,Wet Heathland
2024,38992.418,40727.445,47324.035,33:00.1,20,Scotorepens,Wet Heathland
2024,39045.328,39876.23,41959.949,36:37.7,20,Scotorepens,Wet Heathland
2024,38815.035,39878.652,42941.562,32:45.9,20,Scotorepens,Wet Heathland
2024,39089.508,39814.262,41876.254,32:48.4,20,Scotorepens,Wet Heathland
2024,39209.633,40238.758,43572.348,32:54.3,20,Scotorepens,Wet Heathland
2024,38474.566,39721.668,43352.18,37:54.8,20,Scotorepens,Wet Heathland
2024,38342.059,40322.102,44067.73,17:54.7,21,Scotorepens,Wet Heathland
2024,37075.871,40544.367,48430.305,17:57.0,21,Scotorepens,Wet Heathland
2024,36847.348,38551.984,41795.121,18:04.6,21,Scotorepens,Wet Heathland
2024,34952.062,37543.285,43410.348,18:06.0,21,Scotorepens,Wet Heathland
2024,39647.746,40967.75,45478.496,25:16.1,22,Scotorepens,Wet Heathland
2024,33884.844,35820.488,42157.105,25:22.2,22,Scotorepens,Wet Heathland
2024,39000.785,40542.898,48336.172,22:40:09,22,Scotorepens,Wet Heathland
2024,40236.746,41502.16,43979.156,51:04.3,22,Scotorepens,Wet Heathland
2024,38549.273,40197.844,43939.711,53:55.0,22,Scotorepens,Wet Heathland
2024,39296.68,40519.07,43310.242,55:27.8,22,Scotorepens,Wet Heathland
2024,39383.109,41173.406,45919.52,56:58.5,22,Scotorepens,Wet Heathland
2024,24804.633,26238.189,29998.246,25:40.9,23,Scotorepens,Wet Heathland
2024,31580.9,32386.713,34951.316,25:48.8,23,Scotorepens,Wet Heathland
2024,39371.934,40570.078,44361.984,26:03.6,23,Scotorepens,Wet Heathland
2024,39149.258,40434.285,43479.398,26:07.1,23,Scotorepens,Wet Heathland
2024,39014.773,40240.82,43628.133,26:08.9,23,Scotorepens,Wet Heathland
2024,39471.312,40651.074,44980.012,27:27.5,23,Scotorepens,Wet Heathland
2024,38993.035,40282.961,44258.094,37:03.5,23,Scotorepens,Wet Heathland
2024,39257.508,40521.258,43334.004,37:09.7,23,Scotorepens,Wet Heathland
2024,39228.953,40425.203,43750.719,28:47.0,1,Scotorepens,Wet Heathland
2024,39592.969,41430.609,47043.352,13:25.9,3,Scotorepens,Wet Heathland
2024,39061.355,39708.902,40900.699,10:39.4,3,Scotorepens,Wet Heathland
2024,39627.273,40721.664,43536.105,19:31.4,3,Scotorepens,Wet Heathland
2024,39921.594,40734.383,42901.789,40:11.1,3,Scotorepens,Wet Heathland
2024,37268.867,38050.051,40876.52,21:51.9,4,Scotorepens,Wet Heathland
2024,38894.605,39963.414,42311.191,08:51.2,4,Scotorepens,Wet Heathland
2024,39397.152,41202.988,45037.414,4:33:39,4,Scotorepens,Wet Heathland
2024,39347.328,40831.711,46010.602,33:25.3,4,Scotorepens,Wet Heathland
2024,38684.719,40130.988,46028.852,32:50.4,4,Scotorepens,Wet Heathland
2024,38577.852,39701.289,42603.891,4:27:45,4,Scotorepens,Wet Heathland
2024,38940.816,40440.055,45254.199,27:47.0,4,Scotorepens,Wet Heathland
2024,38755.09,40463.172,45886.539,04:17.1,5,Scotorepens,Wet Heathland
2024,39007.391,41476.66,48032.203,5:06:46,5,Scotorepens,Wet Heathland
2024,37762.613,39377.699,45739.336,06:48.3,5,Scotorepens,Wet Heathland
2024,39564.988,40786.66,44383.078,11:22.2,5,Scotorepens,Wet Heathland
2024,37872.059,39292.32,44250.199,13:54.3,5,Scotorepens,Wet Heathland
2024,37230.691,38147.414,42358.578,13:57.3,5,Scotorepens,Wet Heathland
2024,39350.012,40923.914,44908.246,5:12:12,5,Scotorepens,Wet Heathland
2024,38712.887,39896.406,42980.918,12:20.1,5,Scotorepens,Wet Heathland
2024,38141.422,39454.367,42562.695,12:47.1,5,Scotorepens,Wet Heathland
2024,37634.062,38903.754,41650.793,12:53.1,5,Scotorepens,Wet Heathland
2024,34857.691,36266.164,40031.844,25:25.0,22,Scotorepenes,Wet Heathland
2024,29189.619,29740.844,30775.186,07:54.4,22,Ozimops Ridei,Wet Heathland
2024,32022.477,33977.254,38710.648,26:16.6,21,Noise,Wet Heathland
2024,20537.537,21447.559,23018.014,52:53.6,21,Noise,Wet Heathland
2024,23082.262,26155.348,33796.992,48:09.2,22,Noise,Wet Heathland
2024,28410.676,32468.773,44829.898,48:13.0,22,Noise,Wet Heathland
2024,35815.438,40839.809,56108.523,48:14.6,22,Noise,Wet Heathland
2024,33881.402,38395.645,50597.473,59:35.2,23,Noise,Wet Heathland
2024,32700.973,35038.77,41935.688,49:14.5,21,Goulds,Wet Heathland
2024,29556.209,31382.441,38220.43,19:26.4,22,Goulds,Wet Heathland
2024,33085.895,37759.051,52507.789,59:36.4,23,Goulds,Wet Heathland
2024,33322.949,37882.508,50999.859,59:37.9,23,Goulds,Wet Heathland
2024,33856.426,39124.836,56748.914,59:41.3,23,Goulds,Wet Heathland
2024,39489.516,41067.707,46059.461,35:10.2,18,Scotorepens,Wet Heathland
2024,49268.238,51260.254,53644.938,22:04:31,22,Chocolate Wattled Bat,Wet Heathland
2024,39448.574,40738.16,44232.836,06:27.5,22,Scotorepens,Wet Heathland
2024,38916.957,39424.262,40308.344,10:42.1,3,Scotorepens,Wet Heathland
